ASV0001;FN435554.1;100;402;402;100;0;743;56765;N/A;N/A;Uncultured marine bacterium partial 16S ribosomal RNA, clone SC5-34
ASV0004;FN435515.1;100;422;422;100;0;780;56765;N/A;N/A;Uncultured marine bacterium partial 16S ribosomal RNA, clone SC0-3
ASV0005;AM981348.1;100;421;421;100;0;778;520954;N/A;N/A;Uncultured halophilic eubacterium partial 16S rRNA, clone SFC1D091
ASV0005;AM981347.1;100;421;421;100;0;778;520954;N/A;N/A;Uncultured halophilic eubacterium partial 16S rRNA, clone SFC1C111
ASV0005;AM981346.1;100;421;421;100;0;778;520954;N/A;N/A;Uncultured halophilic eubacterium partial 16S rRNA, clone SFC1H091
ASV0005;AM981334.1;100;421;421;100;0;778;520954;N/A;N/A;Uncultured halophilic eubacterium partial 16S rRNA, clone SFC1A101
ASV0005;AM981372.1;100;421;421;100;0;778;520954;N/A;N/A;Uncultured halophilic eubacterium partial 16S rRNA, clone SFC1D031
ASV0005;AM981370.1;100;421;421;100;0;778;520954;N/A;N/A;Uncultured halophilic eubacterium partial 16S rRNA, clone SFC1C021
ASV0005;AM981369.1;100;421;421;100;0;778;520954;N/A;N/A;Uncultured halophilic eubacterium partial 16S rRNA, clone SFC1A061
ASV0005;AM981368.1;100;421;421;100;0;778;520954;N/A;N/A;Uncultured halophilic eubacterium partial 16S rRNA, clone SFC1G091
ASV0005;AM981365.1;100;421;421;100;0;778;520954;N/A;N/A;Uncultured halophilic eubacterium partial 16S rRNA, clone SFC1E091
ASV0005;AM981364.1;100;421;421;100;0;778;520954;N/A;N/A;Uncultured halophilic eubacterium partial 16S rRNA, clone SFC1F031
ASV0005;AM981363.1;100;421;421;100;0;778;520954;N/A;N/A;Uncultured halophilic eubacterium partial 16S rRNA, clone SFC1C091
ASV0005;AM981360.1;100;421;421;100;0;778;520954;N/A;N/A;Uncultured halophilic eubacterium partial 16S rRNA, clone SFC1E011
ASV0005;AM981358.1;100;421;421;100;0;778;520954;N/A;N/A;Uncultured halophilic eubacterium partial 16S rRNA, clone SFC1H061
ASV0005;AM981357.1;100;421;421;100;0;778;520954;N/A;N/A;Uncultured halophilic eubacterium partial 16S rRNA, clone SFC1A121
ASV0005;AM981355.1;100;421;421;100;0;778;520954;N/A;N/A;Uncultured halophilic eubacterium partial 16S rRNA, clone SFC1H081
ASV0005;AM981354.1;100;421;421;100;0;778;520954;N/A;N/A;Uncultured halophilic eubacterium partial 16S rRNA, clone SFC1B121
ASV0005;AM981353.1;100;421;421;100;0;778;520954;N/A;N/A;Uncultured halophilic eubacterium partial 16S rRNA, clone SFC1H041
ASV0005;AM981351.1;100;421;421;100;0;778;520954;N/A;N/A;Uncultured halophilic eubacterium partial 16S rRNA, clone SFC1C071
ASV0005;AM981350.1;100;421;421;100;0;778;520954;N/A;N/A;Uncultured halophilic eubacterium partial 16S rRNA, clone SFC1F051
ASV0005;AM981349.1;100;421;421;100;0;778;520954;N/A;N/A;Uncultured halophilic eubacterium partial 16S rRNA, clone SFC1A041
ASV0010;NR_114191.1;100;427;427;100;0;789;43660;N/A;N/A;Pseudoalteromonas undina strain NBRC 103039 16S ribosomal RNA, partial sequence
ASV0010;NR_114187.1;100;427;427;100;0;789;1315271;N/A;N/A;Pseudoalteromonas tetraodonis GFC strain NBRC 103034 16S ribosomal RNA, partial sequence
ASV0010;NR_114186.1;100;427;427;100;0;789;288;N/A;N/A;Pseudoalteromonas atlantica strain NBRC 103033 16S ribosomal RNA, partial sequence
ASV0010;NR_114052.1;100;427;427;100;0;789;228;N/A;N/A;Pseudoalteromonas haloplanktis strain NBRC 102225 16S ribosomal RNA, partial sequence
ASV0010;NR_113605.1;100;427;427;100;0;789;227;N/A;N/A;Pseudoalteromonas carrageenovora strain NBRC 12985 16S ribosomal RNA, partial sequence
ASV0010;NR_126232.1;100;427;427;100;0;789;1081601;N/A;N/A;Pseudoalteromonas hodoensis strain H7 16S ribosomal RNA, partial sequence
ASV0010;JN233431.1;100;427;427;100;0;789;56765;N/A;N/A;Uncultured marine bacterium clone OS3SR81 16S ribosomal RNA, partial sequence
ASV0010;JN233309.1;100;427;427;100;0;789;"56765;383816;630125;1634601";"N/A;N/A;N/A;N/A";N/A;Pseudoalteromonas sp. MIW01 gene for 16S rRNA, partial sequence
ASV0010;NR_025139.1;100;427;427;100;0;789;152297;N/A;N/A;Pseudoalteromonas issachenkonii strain KMM 3549 16S ribosomal RNA, partial sequence
ASV0010;NR_041787.1;100;427;427;100;0;789;1315271;N/A;N/A;Pseudoalteromonas tetraodonis GFC strain IAM 14160 16S ribosomal RNA, partial sequence
ASV0010;NR_114547.1;100;427;427;100;0;789;1315271;N/A;N/A;Pseudoalteromonas tetraodonis GFC strain KMM 458 16S ribosomal RNA, partial sequence
ASV0010;NR_044867.1;100;427;427;100;0;789;43660;N/A;N/A;Pseudoalteromonas undina strain NCIMB 2128 16S ribosomal RNA, partial sequence
ASV0010;NR_119142.1;100;427;427;100;0;789;1315271;N/A;N/A;Pseudoalteromonas tetraodonis GFC strain IAM 14160 16S ribosomal RNA, partial sequence
ASV0010;NR_026220.1;100;427;427;100;0;789;227;N/A;N/A;Pseudoalteromonas carrageenovora strain IAM 12662 16S ribosomal RNA, partial sequence
ASV0010;NR_026218.1;100;427;427;100;0;789;"288;1420699";"N/A;N/A";N/A;Pseudoalteromonas atlantica strain IAM 12927 16S ribosomal RNA, partial sequence
ASV0010;NR_044837.2;100;427;426;99;0;787;1117315;N/A;N/A;Pseudoalteromonas haloplanktis ATCC 14393 16S ribosomal RNA, partial sequence
ASV0010;NR_114188.1;100;427;426;99;0;787;28109;N/A;N/A;Pseudoalteromonas nigrifaciens strain NBRC 103036 16S ribosomal RNA, partial sequence
ASV0010;NR_025654.1;100;427;426;99;0;787;77608;N/A;N/A;Pseudoalteromonas distincta strain KMM 3548 16S ribosomal RNA, partial sequence
ASV0010;NR_025509.1;100;427;426;99;0;787;1312369;N/A;N/A;Pseudoalteromonas agarivorans DSM 14585 16S ribosomal RNA, partial sequence
ASV0010;NR_114436.1;100;427;426;99;0;787;77608;N/A;N/A;Pseudoalteromonas distincta strain KMM 638 16S ribosomal RNA, partial sequence
ASV0010;NR_028722.1;100;427;426;99;0;787;77608;N/A;N/A;Pseudoalteromonas distincta strain KMM 162 16S ribosomal RNA, partial sequence
ASV0010;NR_026222.1;100;427;426;99;0;787;28109;N/A;N/A;Pseudoalteromonas nigrifaciens strain NCIMB 8614 16S ribosomal RNA, partial sequence
ASV0014;NR_148755.1;100;427;427;100;0;789;314275;N/A;N/A;Alteromonas mediterranea strain DE 16S ribosomal RNA, complete sequence
ASV0014;NR_148754.1;100;427;427;100;0;789;314275;N/A;N/A;Alteromonas mediterranea strain DE 16S ribosomal RNA, complete sequence
ASV0014;NR_181920.1;100;427;427;100;0;789;1892904;N/A;N/A;Alteromonas abrolhosensis strain PEL67E 16S ribosomal RNA, partial sequence
ASV0014;NR_181919.1;100;427;427;100;0;789;1892904;N/A;N/A;Alteromonas abrolhosensis strain PEL67E 16S ribosomal RNA, partial sequence
ASV0014;NR_181918.1;100;427;427;100;0;789;1892904;N/A;N/A;Alteromonas abrolhosensis strain PEL67E 16S ribosomal RNA, partial sequence
ASV0014;NR_181917.1;100;427;427;100;0;789;1892904;N/A;N/A;Alteromonas abrolhosensis strain PEL67E 16S ribosomal RNA, partial sequence
ASV0014;NR_181916.1;100;427;427;100;0;789;1892904;N/A;N/A;Alteromonas abrolhosensis strain PEL67E 16S ribosomal RNA, partial sequence
ASV0014;NR_181914.1;100;427;427;100;0;789;1892904;N/A;N/A;Alteromonas abrolhosensis strain PEL67E 16S ribosomal RNA, partial sequence
ASV0014;NR_181913.1;100;427;427;100;0;789;1892904;N/A;N/A;Alteromonas abrolhosensis strain PEL67E 16S ribosomal RNA, partial sequence
ASV0014;NR_181909.1;100;427;427;100;0;789;1479524;N/A;N/A;Alteromonas gracilis strain 9a2 16S ribosomal RNA, partial sequence
ASV0014;NR_181907.1;100;427;427;100;0;789;1892904;N/A;N/A;Alteromonas abrolhosensis strain PEL67E 16S ribosomal RNA, partial sequence
ASV0014;NR_179982.1;100;427;427;100;0;789;2565549;N/A;N/A;Alteromonas portus strain HB161718 16S ribosomal RNA, partial sequence
ASV0014;NR_178260.1;100;427;427;100;0;789;1479524;N/A;N/A;Alteromonas gracilis strain 9a2 16S ribosomal RNA, partial sequence
ASV0014;NR_043977.2;100;427;427;100;0;789;398035;N/A;N/A;Alteromonas tagae strain BCRC 17571 16S ribosomal RNA, partial sequence
ASV0014;NR_114053.1;100;427;427;100;0;789;28108;N/A;N/A;Alteromonas macleodii strain NBRC 102226 16S ribosomal RNA, partial sequence
ASV0014;NR_025260.1;100;427;427;100;0;789;203795;N/A;N/A;Alteromonas marina strain SW-47 16S ribosomal RNA, partial sequence
ASV0014;NR_037127.1;100;427;427;100;0;789;28108;N/A;N/A;Alteromonas macleodii strain 107 16S ribosomal RNA, partial sequence
ASV0026;NR_152003.1;100;427;427;100;0;789;1703256;N/A;N/A;Pseudoalteromonas gelatinilytica strain NH153 16S ribosomal RNA, partial sequence
ASV0026;NR_113220.1;100;427;427;100;0;789;874454;N/A;N/A;Pseudoalteromonas arabiensis strain k53 16S ribosomal RNA, partial sequence
ASV0026;NR_028992.1;100;427;427;100;0;789;206042;N/A;N/A;Pseudoalteromonas mariniglutinosa strain KMM 3635 16S ribosomal RNA, partial sequence
ASV0031;NR_178596.1;100;402;402;100;0;743;1402135;N/A;N/A;Pseudosulfitobacter pseudonitzschiae strain H3 16S ribosomal RNA, partial sequence
ASV0037;JN233380.1;100;404;404;100;0;747;56765;N/A;N/A;Uncultured marine bacterium clone OS2SR20 16S ribosomal RNA, partial sequence
ASV0038;NR_113299.1;100;427;427;100;0;789;161398;N/A;N/A;Pseudoalteromonas phenolica strain JCM 21460 16S ribosomal RNA, partial sequence
ASV0044;NR_074895.2;100;421;421;100;0;778;309807;N/A;N/A;Salinibacter ruber DSM 13855 strain M31 16S ribosomal RNA, complete sequence
ASV0044;NR_114597.1;100;421;421;100;0;778;309807;N/A;N/A;Salinibacter ruber DSM 13855 strain M31 16S ribosomal RNA, partial sequence
ASV0046;NR_044537.1;100;427;427;100;0;789;519452;N/A;N/A;Pseudidiomarina donghaiensis strain 908033 16S ribosomal RNA, partial sequence
ASV0047;JN233662.1;100;404;404;100;0;747;56765;N/A;N/A;Uncultured marine bacterium clone OS3SR29 16S ribosomal RNA, partial sequence
ASV0047;JN233594.1;100;404;404;100;0;747;56765;N/A;N/A;Uncultured marine bacterium clone IMS2R22 16S ribosomal RNA, partial sequence
ASV0047;JN233587.1;100;404;404;100;0;747;56765;N/A;N/A;Uncultured marine bacterium clone OS2SR18 16S ribosomal RNA, partial sequence
ASV0047;JN233582.1;100;404;404;100;0;747;56765;N/A;N/A;Uncultured marine bacterium clone IMS3R87 16S ribosomal RNA, partial sequence
ASV0047;JN233491.1;100;404;404;100;0;747;56765;N/A;N/A;Uncultured marine bacterium clone IMS3R5 16S ribosomal RNA, partial sequence
ASV0047;JN233490.1;100;404;404;100;0;747;56765;N/A;N/A;Uncultured marine bacterium clone IMS3R57 16S ribosomal RNA, partial sequence
ASV0047;JN233415.1;100;404;404;100;0;747;56765;N/A;N/A;Uncultured marine bacterium clone IMS3R101 16S ribosomal RNA, partial sequence
ASV0047;JN233398.1;100;404;404;100;0;747;56765;N/A;N/A;Uncultured marine bacterium clone OS3SR19 16S ribosomal RNA, partial sequence
ASV0047;JN233349.1;100;404;404;100;0;747;56765;N/A;N/A;Uncultured marine bacterium clone OS2SR61 16S ribosomal RNA, partial sequence
ASV0047;JN233341.1;100;404;404;100;0;747;56765;N/A;N/A;Uncultured marine bacterium clone IMS2R27 16S ribosomal RNA, partial sequence
ASV0047;JN233163.1;100;404;404;100;0;747;56765;N/A;N/A;Uncultured marine bacterium clone IMS3R51 16S ribosomal RNA, partial sequence
ASV0047;JN233033.1;100;404;404;100;0;747;154535;N/A;N/A;Uncultured Synechococcus sp. clone OS2SR7 16S ribosomal RNA, partial sequence
ASV0047;FN435544.1;100;404;404;100;0;747;56765;N/A;N/A;Uncultured marine bacterium partial 16S ribosomal RNA, clone SC5-14
ASV0047;FN435541.1;100;404;404;100;0;747;56765;N/A;N/A;Uncultured marine bacterium partial 16S ribosomal RNA, clone SC5-11
ASV0047;FN435513.1;100;404;404;100;0;747;56765;N/A;N/A;Uncultured marine bacterium partial 16S ribosomal RNA, clone SC0-1
ASV0047;FN435506.1;100;404;404;100;0;747;56765;N/A;N/A;Uncultured marine bacterium partial 16S ribosomal RNA, clone SC0-200
ASV0047;FN435383.1;100;404;404;100;0;747;56765;N/A;N/A;Uncultured marine bacterium partial 16S ribosomal RNA, clone WC0-50
ASV0050;NR_152089.1;100;427;427;100;0;789;1855875;N/A;N/A;Spiribacter roseus strain SSL50 16S ribosomal RNA, complete sequence
ASV0050;NR_157798.1;100;427;427;100;0;789;1935996;N/A;N/A;Spiribacter aquaticus strain SP30 16S ribosomal RNA, partial sequence
ASV0052;NR_152065.1;100;402;402;100;0;743;1775881;N/A;N/A;Sulfitobacter faviae strain S5-53 16S ribosomal RNA, partial sequence
ASV0059;JQ071850.1;100;407;407;100;0;752;218066;N/A;N/A;Uncultured Propionibacterium sp. clone JJc49 16S ribosomal RNA, partial sequence
ASV0059;AM949487.1;100;407;407;100;0;752;77133;N/A;N/A;Uncultured bacterium partial 16S rRNA gene, clone rRNA_oxic_15
ASV0059;NR_040847.1;100;407;407;100;0;752;"1747;77133";"N/A;N/A";N/A;Cutibacterium acnes strain ATCC 6919 16S ribosomal RNA, partial sequence
ASV0059;LC419899.1;100;407;405;99;0;749;77133;N/A;N/A;Uncultured bacterium 16S rRNA, partial sequence, clone: RBd7-C01a
ASV0059;LC419813.1;100;407;405;99;0;749;77133;N/A;N/A;Uncultured bacterium 16S rRNA, partial sequence, clone: RBd7-D01
ASV0072;FN435618.1;100;427;427;100;0;789;56765;N/A;N/A;Uncultured marine bacterium partial 16S ribosomal RNA, clone SD5-149
ASV0072;FN435609.1;100;427;427;100;0;789;56765;N/A;N/A;Uncultured marine bacterium partial 16S ribosomal RNA, clone SD5-10
ASV0072;FN435593.1;100;427;427;100;0;789;56765;N/A;N/A;Uncultured marine bacterium partial 16S ribosomal RNA, clone SD5-35
ASV0075;NR_181829.1;100;402;402;100;0;743;2867240;N/A;N/A;Qipengyuania qiaonensis strain 6D47A 16S ribosomal RNA, partial sequence
ASV0075;NR_181793.1;100;402;402;100;0;743;2860199;N/A;N/A;Qipengyuania pacifica strain NZ-96 16S ribosomal RNA, partial sequence
ASV0075;NR_181832.1;100;402;402;100;0;743;2860199;N/A;N/A;Qipengyuania aerophila strain GH25 16S ribosomal RNA, partial sequence
ASV0075;NR_117936.1;100;402;402;100;0;743;994320;N/A;N/A;Qipengyuania pelagi strain UST081027-248 16S ribosomal RNA, partial sequence
ASV0075;NR_025245.1;100;402;402;100;0;743;192812;N/A;N/A;Qipengyuania flava strain SW-46 16S ribosomal RNA, partial sequence
ASV0075;NR_028741.1;100;402;402;100;0;743;225971;N/A;N/A;Qipengyuania citrea strain RE35F/1 16S ribosomal RNA, partial sequence
ASV0081;FN435440.1;100;402;402;100;0;743;56765;N/A;N/A;Uncultured marine bacterium partial 16S ribosomal RNA, clone WC5-139
ASV0081;FN435428.1;100;402;402;100;0;743;56765;N/A;N/A;Uncultured marine bacterium partial 16S ribosomal RNA, clone WC5-82
ASV0081;FN435395.1;100;402;402;100;0;743;56765;N/A;N/A;Uncultured marine bacterium partial 16S ribosomal RNA, clone WC0-85
ASV0083;NR_074224.1;100;402;402;100;0;743;335992;N/A;N/A;Candidatus Pelagibacter ubique HTCC1062 16S ribosomal RNA, partial sequence
ASV0083;FN435550.1;100;402;402;100;0;743;56765;N/A;N/A;Uncultured marine bacterium partial 16S ribosomal RNA, clone SC5-23
ASV0083;FN435542.1;100;402;402;100;0;743;56765;N/A;N/A;Uncultured marine bacterium partial 16S ribosomal RNA, clone SC5-12
ASV0083;FN435499.1;100;402;399;99;0;737;56765;N/A;N/A;Uncultured marine bacterium partial 16S ribosomal RNA, clone SC0-57
ASV0085;NR_125545.1;100;426;426;100;0;787;556053;N/A;N/A;Polynucleobacter acidiphobus strain MWH-PoolGreenA3 16S ribosomal RNA, partial sequence
ASV0090;NR_074619.1;100;427;427;100;0;789;1163748;N/A;N/A;Marinobacter nauticus ATCC 49840 16S ribosomal RNA, partial sequence
ASV0090;NR_027551.1;100;427;427;100;0;789;351348;N/A;N/A;Marinobacter nauticus VT8 16S ribosomal RNA, partial sequence
ASV0102;NR_117275.1;100;402;402;100;0;743;659350;N/A;N/A;Paracoccus stylophorae strain KTW-16 16S ribosomal RNA, partial sequence
ASV0106;NR_118596.1;100;407;407;100;0;752;"37915;77133";"N/A;N/A";N/A;Dietzia maris strain DSM 43672 16S ribosomal RNA, partial sequence
ASV0106;NR_116685.1;100;407;407;100;0;752;"37915;498198;1871616";"N/A;N/A;N/A";N/A;Dietzia maris strain DSM 43672 16S ribosomal RNA, partial sequence
ASV0106;NR_116684.1;100;407;407;100;0;752;"322509;1408143";"N/A;N/A";N/A;Dietzia kunjamensis strain DSM 44907 16S ribosomal RNA, partial sequence
ASV0106;NR_119120.1;100;407;407;100;0;752;37915;N/A;N/A;Dietzia maris strain ATCC 35013 16S ribosomal RNA, partial sequence
ASV0106;NR_037025.1;100;407;407;100;0;752;37915;N/A;N/A;Dietzia maris strain AUCM A-593 16S ribosomal RNA, partial sequence
ASV0110;FN435453.1;100;422;422;100;0;780;56765;N/A;N/A;Uncultured marine bacterium partial 16S ribosomal RNA, clone WD5-29
ASV0112;HE981675.1;100;402;402;100;0;743;56765;N/A;N/A;Uncultured marine bacterium partial 16S ribosomal RNA, clone 2DF1
ASV0112;NR_115897.1;100;402;402;100;0;743;282199;N/A;N/A;Nereida ignava strain CECT5292 16S ribosomal RNA, partial sequence
ASV0112;NR_042283.1;100;402;402;100;0;743;282199;N/A;N/A;Nereida ignava strain 2SM4 16S ribosomal RNA, partial sequence
ASV0117;FN435363.1;100;402;402;100;0;743;56765;N/A;N/A;Uncultured marine bacterium partial 16S ribosomal RNA, clone WC0-5
ASV0117;FN435358.1;100;402;402;100;0;743;56765;N/A;N/A;Uncultured marine bacterium partial 16S ribosomal RNA, clone WC0-111
ASV0117;FN435560.1;100;402;402;100;0;743;56765;N/A;N/A;Uncultured marine bacterium partial 16S ribosomal RNA, clone SC5-101
ASV0117;FN435549.1;100;402;402;100;0;743;56765;N/A;N/A;Uncultured marine bacterium partial 16S ribosomal RNA, clone SC5-22
ASV0117;FN435496.1;100;402;402;100;0;743;56765;N/A;N/A;Uncultured marine bacterium partial 16S ribosomal RNA, clone SC0-29
ASV0117;FN435426.1;100;402;402;100;0;743;56765;N/A;N/A;Uncultured marine bacterium partial 16S ribosomal RNA, clone WC5-75
ASV0117;FN435411.1;100;402;402;100;0;743;56765;N/A;N/A;Uncultured marine bacterium partial 16S ribosomal RNA, clone WC5-13
ASV0119;NR_074103.1;100;427;427;100;0;789;640081;N/A;N/A;Azospira oryzae PS 16S ribosomal RNA, partial sequence
ASV0119;NR_024852.1;100;427;427;100;0;789;146939;N/A;N/A;Azospira oryzae strain 6a3 16S ribosomal RNA, partial sequence
ASV0121;JN233173.1;100;402;402;100;0;743;56765;N/A;N/A;Uncultured marine bacterium clone IMS3R96 16S ribosomal RNA, partial sequence
ASV0125;NR_027219.1;100;427;427;100;0;789;77097;N/A;N/A;Vreelandella aquamarina strain Althf1 16S ribosomal RNA, partial sequence
ASV0125;NR_042063.1;100;427;427;100;0;789;77097;N/A;N/A;Vreelandella aquamarina strain DSM 30161 16S ribosomal RNA, partial sequence
ASV0128;NR_114238.1;100;427;427;100;0;789;112002;N/A;N/A;Psychrobacter pacificensis strain NBRC 103191 16S ribosomal RNA, partial sequence
ASV0128;AM409199.1;100;427;427;100;0;789;409990;N/A;N/A;Psychrobacter sp. 223(118zx) partial 16S rRNA gene, isolate 223(118zx)
ASV0131;NR_157686.1;100;402;402;100;0;743;1508805;N/A;N/A;Sphingorhabdus buctiana strain T5 16S ribosomal RNA, partial sequence
ASV0134;NR_178430.1;100;422;422;100;0;780;1347393;N/A;N/A;Bacteroides neonati strain MS4 16S ribosomal RNA, partial sequence
ASV0137;AM981379.1;100;420;420;100;0;776;309166;N/A;N/A;Uncultured Salinibacter sp. partial 16S rRNA, clone SFC1A071
ASV0140;FN435529.1;100;402;402;100;0;743;56765;N/A;N/A;Uncultured marine bacterium partial 16S ribosomal RNA, clone SC0-55
ASV0147;NR_041996.1;100;407;407;100;0;752;33889;N/A;N/A;Brevibacterium casei strain DSM 20657 16S ribosomal RNA, partial sequence
ASV0147;NR_119071.1;100;407;407;100;0;752;33889;N/A;N/A;Brevibacterium casei strain NCDO 2048 16S ribosomal RNA, partial sequence
ASV0156;FN435366.1;100;402;402;100;0;743;56765;N/A;N/A;Uncultured marine bacterium partial 16S ribosomal RNA, clone WC0-14
ASV0160;NR_181835.1;100;402;402;100;0;743;2867245;N/A;N/A;Qipengyuania huizhouensis strain YG19 16S ribosomal RNA, partial sequence
ASV0160;NR_181834.1;100;402;402;100;0;743;2867244;N/A;N/A;Qipengyuania intermedia strain GH38 16S ribosomal RNA, partial sequence
ASV0160;NR_181833.1;100;402;402;100;0;743;2867243;N/A;N/A;Qipengyuania sphaerica strain GH29 16S ribosomal RNA, partial sequence
ASV0160;NR_181831.1;100;402;402;100;0;743;2867241;N/A;N/A;Qipengyuania aestuarii strain GH1 16S ribosomal RNA, partial sequence
ASV0160;NR_181826.1;100;402;402;100;0;743;2867234;N/A;N/A;Qipengyuania polymorpha strain 1NDH17 16S ribosomal RNA, partial sequence
ASV0160;NR_181825.1;100;402;402;100;0;743;2867233;N/A;N/A;Qipengyuania aurantiaca strain 1NDH13 16S ribosomal RNA, partial sequence
ASV0160;NR_181824.1;100;402;402;100;0;743;2867232;N/A;N/A;Qipengyuania vesicularis strain 1NDH10 16S ribosomal RNA, partial sequence
ASV0160;NR_116764.1;100;402;402;100;0;743;604088;N/A;N/A;Qipengyuania nanhaisediminis strain T30 16S ribosomal RNA, partial sequence
ASV0160;NR_043136.1;100;402;402;100;0;743;291985;N/A;N/A;Qipengyuania vulgaris strain 022 2-10 16S ribosomal RNA, partial sequence
ASV0160;NR_181792.1;100;402;400;99;0;739;2860200;N/A;N/A;Alteriqipengyuania abyssalis strain NZ-12B 16S ribosomal RNA, partial sequence
ASV0160;NR_178621.1;100;402;400;99;0;739;1417660;N/A;N/A;Citrimicrobium luteum strain CBA4602 16S ribosomal RNA, partial sequence
ASV0160;NR_134028.1;100;402;400;99;0;739;1538146;N/A;N/A;Alteriqipengyuania lutimaris strain S-5 16S ribosomal RNA, partial sequence
ASV0166;NR_165768.1;100;427;427;100;0;789;1793966;N/A;N/A;Pseudomonas fluvialis strain ZYSR67-Z 16S ribosomal RNA, partial sequence
ASV0166;NR_159318.1;100;427;427;100;0;789;1793966;N/A;N/A;Pseudomonas fluvialis strain ASS-1 16S ribosomal RNA, partial sequence
ASV0167;NR_199508.1;100;427;427;100;0;789;3048490;N/A;N/A;Pseudoalteromonas ardens strain R96 16S ribosomal RNA, partial sequence
ASV0167;NR_178361.1;100;427;427;100;0;789;579562;N/A;N/A;Pseudoalteromonas galatheae strain S4498 16S ribosomal RNA, partial sequence
ASV0167;NR_114190.1;100;427;427;100;0;789;"43662;114053";"N/A;N/A";N/A;Pseudoalteromonas piscicida strain NBRC 103038 16S ribosomal RNA, partial sequence
ASV0167;NR_025126.1;100;427;427;100;0;789;184924;N/A;N/A;Pseudoalteromonas maricaloris strain NCIMB 2033 16S ribosomal RNA, partial sequence
ASV0167;NR_114583.1;100;427;427;100;0;789;43662;N/A;N/A;Pseudoalteromonas piscicida strain IAM12932 16S ribosomal RNA, partial sequence
ASV0167;NR_040946.1;100;427;427;100;0;789;43662;N/A;N/A;Pseudoalteromonas piscicida strain IAM 12932 16S ribosomal RNA, partial sequence
ASV0167;NR_119147.1;100;427;427;100;0;789;43662;N/A;N/A;Pseudoalteromonas piscicida strain ATCC 15057 16S ribosomal RNA, partial sequence
ASV0167;NR_026223.1;100;427;427;100;0;789;"43658;1117318";"N/A;N/A";N/A;Pseudoalteromonas rubra strain ATCC 29570 16S ribosomal RNA, partial sequence
ASV0168;NR_042049.1;100;428;428;100;0;791;1191460;N/A;N/A;Acinetobacter venetianus RAG-1 = CIP 110063 strain ATCC 31012 16S ribosomal RNA, partial sequence
ASV0174;NR_117891.1;100;427;427;100;0;789;170679;N/A;N/A;Vibrio chagasii strain LMG 21353 16S ribosomal RNA, partial sequence
ASV0175;NR_025458.1;100;427;427;100;0;789;147825;N/A;N/A;Psychrobacter proteolyticus strain KMM 277 16S ribosomal RNA, partial sequence
ASV0177;NR_114354.1;100;428;428;100;0;791;1122204;N/A;N/A;Marinococcus luteus strain KCTC 13214 16S ribosomal RNA, partial sequence
ASV0177;NR_114352.1;100;428;428;100;0;791;1371;N/A;N/A;Marinococcus halophilus strain JCM 2479 16S ribosomal RNA, partial sequence
ASV0177;NR_118380.1;100;428;428;100;0;791;1156576;N/A;N/A;Marinococcus tarijensis strain SR-1 16S ribosomal RNA, partial sequence
ASV0177;NR_114063.1;100;428;428;100;0;791;1371;N/A;N/A;Marinococcus halophilus strain NBRC 102359 16S ribosomal RNA, partial sequence
ASV0177;NR_116581.1;100;428;428;100;0;791;"564766;1122204";"N/A;N/A";N/A;Marinococcus luteus strain YIM 91094 16S ribosomal RNA, partial sequence
ASV0177;NR_026268.1;100;428;428;100;0;791;1371;N/A;N/A;Marinococcus halophilus strain DSM 20408 16S ribosomal RNA, partial sequence
ASV0187;JN233367.1;100;422;422;100;0;780;56765;N/A;N/A;Uncultured marine bacterium clone IMS3R60 16S ribosomal RNA, partial sequence
ASV0187;JN233313.1;100;422;422;100;0;780;56765;N/A;N/A;Uncultured marine bacterium clone IMS3R79 16S ribosomal RNA, partial sequence
ASV0189;NR_109506.1;100;402;402;100;0;743;1133347;N/A;N/A;Paracoccus rhizosphaerae strain CC-CCM15-8 16S ribosomal RNA, partial sequence
ASV0192;JQ071849.1;100;409;409;100;0;756;159447;N/A;N/A;Uncultured Corynebacterium sp. clone JJc82 16S ribosomal RNA, partial sequence
ASV0192;FN658888.1;100;409;409;100;0;756;77133;N/A;N/A;Uncultured bacterium partial 16S ribosomal RNA, clone B6_a12
ASV0192;FN658872.1;100;409;409;100;0;756;77133;N/A;N/A;Uncultured bacterium partial 16S ribosomal RNA, clone B4_e12
ASV0192;FN658870.1;100;409;409;100;0;756;77133;N/A;N/A;Uncultured bacterium partial 16S ribosomal RNA, clone B4_d12
ASV0192;NR_028975.1;100;409;409;100;0;756;"38304;77133";"N/A;N/A";N/A;Corynebacterium tuberculostearicum strain Medalle X 16S ribosomal RNA, partial sequence
ASV0206;NR_025457.1;100;427;427;100;0;789;154108;N/A;N/A;Psychrobacter submarinus strain KMM 225 16S ribosomal RNA, partial sequence
ASV0220;FN435523.1;100;404;404;100;0;747;56765;N/A;N/A;Uncultured marine bacterium partial 16S ribosomal RNA, clone SC0-33
ASV0220;FN435505.1;100;404;404;100;0;747;56765;N/A;N/A;Uncultured marine bacterium partial 16S ribosomal RNA, clone SC0-173
ASV0220;FN435498.1;100;404;404;100;0;747;56765;N/A;N/A;Uncultured marine bacterium partial 16S ribosomal RNA, clone SC0-46
ASV0220;FN435490.1;100;404;404;100;0;747;56765;N/A;N/A;Uncultured marine bacterium partial 16S ribosomal RNA, clone SC0-99
ASV0220;FN435489.1;100;404;404;100;0;747;56765;N/A;N/A;Uncultured marine bacterium partial 16S ribosomal RNA, clone SC0-91
ASV0220;NR_125480.1;100;404;404;100;0;747;"100363;142479";"N/A;N/A";N/A;Prochlorococcus marinus subsp. pastoris strain PCC 9511 16S ribosomal RNA, partial sequence
ASV0221;FN435543.1;100;402;402;100;0;743;56765;N/A;N/A;Uncultured marine bacterium partial 16S ribosomal RNA, clone SC5-13
ASV0221;FN435422.1;100;402;402;100;0;743;56765;N/A;N/A;Uncultured marine bacterium partial 16S ribosomal RNA, clone WC5-67
ASV0241;NR_181609.1;100;427;427;100;0;789;2751251;N/A;N/A;Exiguobacterium qingdaonense strain S82 16S ribosomal RNA, partial sequence
ASV0241;NR_180579.1;100;427;427;100;0;789;2751251;N/A;N/A;Exiguobacterium qingdaonense strain S82 16S ribosomal RNA, partial sequence
ASV0241;NR_178375.1;100;427;427;100;0;789;518693;N/A;N/A;Exiguobacterium arabatum strain RFL1109 16S ribosomal RNA, partial sequence
ASV0241;NR_043005.1;100;427;427;100;0;789;273527;N/A;N/A;Exiguobacterium aestuarii strain TF-16 16S ribosomal RNA, partial sequence
ASV0245;NR_145569.1;100;427;427;100;0;789;1534743;N/A;N/A;Vibrio hyugaensis strain 090810a 16S ribosomal RNA, partial sequence
ASV0245;NR_179846.1;100;427;427;100;0;789;2527672;N/A;N/A;Vibrio chemaguriensis strain Iso1 16S ribosomal RNA, partial sequence
ASV0245;NR_122060.1;100;427;427;100;0;789;663;N/A;N/A;Vibrio alginolyticus strain NBRC 15630 16S ribosomal RNA, partial sequence
ASV0245;NR_044825.2;100;427;427;100;0;789;663;N/A;N/A;Vibrio alginolyticus strain ATCC 17749 16S ribosomal RNA, partial sequence
ASV0245;NR_113786.1;100;427;427;100;0;789;1219067;N/A;N/A;Vibrio natriegens NBRC 15636 = ATCC 14048 = DSM 759 16S ribosomal RNA, partial sequence
ASV0245;NR_113784.1;100;427;427;100;0;789;669;N/A;N/A;Vibrio harveyi strain NBRC 15634 16S ribosomal RNA, partial sequence
ASV0245;NR_117895.1;100;427;427;100;0;789;663;N/A;N/A;Vibrio alginolyticus strain ATCC 17749 16S ribosomal RNA, partial sequence
ASV0245;NR_117890.1;100;427;427;100;0;789;1219067;N/A;N/A;Vibrio natriegens NBRC 15636 = ATCC 14048 = DSM 759 16S ribosomal RNA, partial sequence
ASV0245;NR_147758.1;100;427;427;100;0;789;579748;N/A;N/A;Vibrio galatheae strain S2757 16S ribosomal RNA, partial sequence
ASV0245;NR_043165.1;100;427;427;100;0;789;669;N/A;N/A;Vibrio harveyi strain NCIMB1280 16S ribosomal RNA, partial sequence
ASV0245;AF134581.1;100;427;427;100;0;789;669;N/A;N/A;Vibrio carchariae 16S ribosomal RNA, partial sequence
ASV0245;NR_026124.1;100;427;427;100;0;789;"691;1219067";"N/A;N/A";N/A;Vibrio natriegens NBRC 15636 = ATCC 14048 = DSM 759 16S ribosomal RNA, partial sequence
ASV0260;NR_179088.1;100;427;427;100;0;789;2338368;N/A;N/A;Alcanivorax profundi strain MTEO17 16S ribosomal RNA, partial sequence
ASV0284;NR_171501.1;100;427;427;100;0;789;2489595;N/A;N/A;Glaciecola amylolytica strain THG-3.7 16S ribosomal RNA, partial sequence
ASV0284;FN435612.1;100;427;427;100;0;789;56765;N/A;N/A;Uncultured marine bacterium partial 16S ribosomal RNA, clone SD5-29
ASV0284;FN435594.1;100;427;427;100;0;789;56765;N/A;N/A;Uncultured marine bacterium partial 16S ribosomal RNA, clone SD5-45
ASV0289;NR_116932.1;100;407;407;100;0;752;595984;N/A;N/A;Dietzia aerolata strain Sj14a 16S ribosomal RNA, partial sequence
ASV0300;NR_116585.1;100;427;427;100;0;789;633417;N/A;N/A;Aeromonas taiwanensis strain A2-50 16S ribosomal RNA, partial sequence
ASV0300;NR_042155.1;100;427;427;100;0;789;196024;N/A;N/A;Aeromonas dhakensis strain P21 16S ribosomal RNA, partial sequence
ASV0304;NR_173593.1;100;402;402;100;0;743;1914409;N/A;N/A;Salibaculum griseiflavum strain WDS4C29 16S ribosomal RNA, partial sequence
ASV0305;NR_044414.1;100;402;402;100;0;743;"208549;1231186";"N/A;N/A";N/A;Nitratireductor basaltis J3 16S ribosomal RNA, partial sequence
ASV0307;NR_122059.1;100;427;427;100;0;789;663;N/A;N/A;Vibrio alginolyticus strain NBRC 15630 16S ribosomal RNA, partial sequence
ASV0308;FN435467.1;100;402;402;100;0;743;56765;N/A;N/A;Uncultured marine bacterium partial 16S ribosomal RNA, clone WD5-40
ASV0317;NR_180699.1;100;427;427;100;0;789;2597703;N/A;N/A;Marinobacter denitrificans strain JB02H27 16S ribosomal RNA, complete sequence
ASV0317;NR_042807.1;100;427;427;100;0;789;443152;N/A;N/A;Marinobacter algicola DG893 16S ribosomal RNA, partial sequence
ASV0319;NR_115918.1;100;402;402;100;0;743;266809;N/A;N/A;Thalassobacter stenotrophicus strain CECT5294 16S ribosomal RNA, partial sequence
ASV0319;NR_027205.1;100;402;402;100;0;743;266809;N/A;N/A;Thalassobacter stenotrophicus strain 5SM22 16S ribosomal RNA, partial sequence
ASV0336;GU108560.1;100;427;427;100;0;789;379514;N/A;N/A;Uncultured Pseudoalteromonadaceae bacterium clone II27-9 16S ribosomal RNA, partial sequence
ASV0346;JN233465.1;100;402;402;100;0;743;56765;N/A;N/A;Uncultured marine bacterium clone OS2SR39 16S ribosomal RNA, partial sequence
ASV0346;FN435519.1;100;402;402;100;0;743;56765;N/A;N/A;Uncultured marine bacterium partial 16S ribosomal RNA, clone SC0-18
ASV0346;FN435388.1;100;402;402;100;0;743;56765;N/A;N/A;Uncultured marine bacterium partial 16S ribosomal RNA, clone WC0-62
ASV0346;FN435370.1;100;402;402;100;0;743;56765;N/A;N/A;Uncultured marine bacterium partial 16S ribosomal RNA, clone WC0-20
ASV0351;NR_178850.1;100;427;427;100;0;789;1506587;N/A;N/A;Burkholderia paludis strain MSh1 16S ribosomal RNA, partial sequence
ASV0351;NR_102890.1;100;427;427;100;0;789;482957;N/A;N/A;Burkholderia lata strain 383 16S ribosomal RNA, partial sequence
ASV0351;NR_104978.1;100;427;427;100;0;789;488447;N/A;N/A;Burkholderia contaminans strain J2956 16S ribosomal RNA, partial sequence
ASV0352;NR_149188.1;100;427;427;100;0;789;1883414;N/A;N/A;Pistricoccus aurantiacus strain SS9 16S ribosomal RNA, partial sequence
ASV0355;NR_114353.1;100;428;428;100;0;791;301092;N/A;N/A;Marinococcus halotolerans strain KCTC 19045 16S ribosomal RNA, partial sequence
ASV0355;NR_043202.1;100;428;428;100;0;791;301092;N/A;N/A;Marinococcus halotolerans strain YIM 70157 16S ribosomal RNA, partial sequence
ASV0365;NR_043225.1;100;427;427;100;0;789;306572;N/A;N/A;Psychrobacter celer strain SW-238 16S ribosomal RNA, partial sequence
ASV0369;NR_114287.1;100;427;427;100;0;789;484498;N/A;N/A;Thalassolituus maritimus strain NBRC 105760 16S ribosomal RNA, partial sequence
ASV0369;NR_112787.1;100;427;427;100;0;789;484498;N/A;N/A;Thalassolituus maritimus strain 2O1 16S ribosomal RNA, partial sequence
ASV0372;NR_043536.1;100;427;427;100;0;789;334715;N/A;N/A;Salinivibrio proteolyticus strain AF-2004 16S ribosomal RNA, partial sequence
ASV0373;NR_042675.1;100;402;402;100;0;743;483013;N/A;N/A;Tritonibacter scottomollicae strain LMG 24367 16S ribosomal RNA, partial sequence
ASV0374;GU108546.1;100;427;427;100;0;789;191215;N/A;N/A;Uncultured Alcanivorax sp. clone II21-30 16S ribosomal RNA, partial sequence
ASV0374;NR_025145.1;100;427;427;100;0;789;1177184;N/A;N/A;Alloalcanivorax venustensis ISO4 16S ribosomal RNA, partial sequence
ASV0383;NR_165782.1;100;402;402;100;0;743;2589807;N/A;N/A;Rhizobium glycinendophyticum strain CL12 16S ribosomal RNA, partial sequence
ASV0383;NR_026115.1;100;402;397;99;0;734;1368425;N/A;N/A;Peteryoungia aggregata LMG 23059 strain IFAM 1003 16S ribosomal RNA, partial sequence
ASV0386;NR_104763.1;100;402;402;100;0;743;1088;N/A;N/A;Rhodovibrio sodomensis strain DSI 16S ribosomal RNA, partial sequence
ASV0386;AM981312.1;100;402;402;100;0;743;259938;N/A;N/A;Uncultured Rhodovibrio sp. partial 16S rRNA, clone SFC1B101
ASV0388;NR_112658.1;100;427;427;100;0;789;99907;N/A;N/A;Alkalibacterium olivapovliticus strain NCIMB 13710 16S ribosomal RNA, partial sequence
ASV0388;NR_025008.1;100;427;427;100;0;789;99907;N/A;N/A;Alkalibacterium olivapovliticus strain WW2-SN4a 16S ribosomal RNA, partial sequence
ASV0389;NR_075062.2;100;407;407;100;0;752;1270;N/A;N/A;Micrococcus luteus strain NCTC 2665 16S ribosomal RNA, partial sequence
ASV0389;NR_116578.1;100;407;407;100;0;752;"77133;566027";"N/A;N/A";N/A;Micrococcus yunnanensis strain YIM 65004 16S ribosomal RNA, partial sequence
ASV0389;NR_044365.1;100;407;407;100;0;752;"1271;77133;455343";"N/A;N/A;N/A";N/A;Micrococcus endophyticus strain YIM 56238 16S ribosomal RNA, partial sequence
ASV0389;NR_114673.1;100;407;407;100;0;752;1270;N/A;N/A;Micrococcus luteus strain ATCC 4698 16S ribosomal RNA, partial sequence
ASV0389;NR_037113.1;100;407;407;100;0;752;1270;N/A;N/A;Micrococcus luteus strain DSM 20030 16S ribosomal RNA, partial sequence
ASV0389;NR_025285.1;100;407;407;100;0;752;86171;N/A;N/A;Micrococcus antarcticus strain T2 16S ribosomal RNA, partial sequence
ASV0395;FN435500.1;100;402;402;100;0;743;56765;N/A;N/A;Uncultured marine bacterium partial 16S ribosomal RNA, clone SC0-98
ASV0395;FN435488.1;100;402;402;100;0;743;56765;N/A;N/A;Uncultured marine bacterium partial 16S ribosomal RNA, clone SC0-113
ASV0400;NR_040800.1;100;427;427;100;0;789;45465;N/A;N/A;Vogesella indigofera strain ATCC 19706 16S ribosomal RNA, partial sequence
ASV0405;NR_178509.1;100;427;427;100;0;789;1131609;N/A;N/A;Pseudoalteromonas xishaensis strain E418 16S ribosomal RNA, partial sequence
ASV0408;NR_074655.2;100;407;407;100;0;752;446465;N/A;N/A;Brachybacterium faecium DSM 4810 16S ribosomal RNA, complete sequence
ASV0408;NR_104689.1;100;407;407;100;0;752;"47846;77133";"N/A;N/A";N/A;Brachybacterium conglomeratum strain J 1015 16S ribosomal RNA, partial sequence
ASV0408;NR_025502.1;100;407;407;100;0;752;"77133;173362";"N/A;N/A";N/A;Brachybacterium paraconglomeratum strain LMG 19861 16S ribosomal RNA, partial sequence
ASV0408;NR_119205.1;100;407;407;100;0;752;446465;N/A;N/A;Brachybacterium faecium DSM 4810 16S ribosomal RNA, partial sequence
ASV0409;HE981647.1;100;402;402;100;0;743;56765;N/A;N/A;Uncultured marine bacterium partial 16S ribosomal RNA, clone 66C2
ASV0409;HE981645.1;100;402;402;100;0;743;56765;N/A;N/A;Uncultured marine bacterium partial 16S ribosomal RNA, clone 47C2
ASV0409;HE981642.1;100;402;402;100;0;743;56765;N/A;N/A;Uncultured marine bacterium partial 16S ribosomal RNA, clone 35C2
ASV0409;HE981635.1;100;402;402;100;0;743;56765;N/A;N/A;Uncultured marine bacterium partial 16S ribosomal RNA, clone 64C1
ASV0409;JN233588.1;100;402;402;100;0;743;56765;N/A;N/A;Uncultured marine bacterium clone IMS2R104 16S ribosomal RNA, partial sequence
ASV0409;JN233012.1;100;402;402;100;0;743;114847;N/A;N/A;Uncultured Roseobacter sp. clone IMS2R41 16S ribosomal RNA, partial sequence
ASV0409;FN435355.1;100;402;402;100;0;743;56765;N/A;N/A;Uncultured marine bacterium partial 16S ribosomal RNA, clone WC0-13
ASV0409;FN435384.1;100;402;402;100;0;743;56765;N/A;N/A;Uncultured marine bacterium partial 16S ribosomal RNA, clone WC0-56
ASV0416;NR_181794.1;100;402;402;100;0;743;2771361;N/A;N/A;Roseococcus microcysteis strain NIBR12 16S ribosomal RNA, partial sequence
ASV0416;NR_181270.1;100;402;402;100;0;743;2771361;N/A;N/A;Roseococcus microcysteis strain NIBR12 16S ribosomal RNA, partial sequence
ASV0424;JN233416.1;100;402;402;100;0;743;56765;N/A;N/A;Uncultured marine bacterium clone IMS2R70 16S ribosomal RNA, partial sequence
ASV0424;JN233263.1;100;402;402;100;0;743;56765;N/A;N/A;Uncultured marine bacterium clone IMS2R24 16S ribosomal RNA, partial sequence
ASV0424;FN435512.1;100;402;402;100;0;743;56765;N/A;N/A;Uncultured marine bacterium partial 16S ribosomal RNA, clone SC0-93
ASV0426;NR_113593.1;100;426;426;100;0;787;244;N/A;N/A;Planomicrobium okeanokoites strain NBRC 12536 16S ribosomal RNA, partial sequence
ASV0426;NR_025864.1;100;426;426;100;0;787;244;N/A;N/A;Planomicrobium okeanokoites strain IFO 12536 16S ribosomal RNA, partial sequence
ASV0430;NR_165747.1;100;427;427;100;0;789;2490633;N/A;N/A;Streptococcus periodonticum strain ChDC F135 16S ribosomal RNA, partial sequence
ASV0430;NR_199545.1;100;427;427;100;0;789;3409758;N/A;N/A;Streptococcus mitis subsp. carlssonii strain SK608 16S ribosomal RNA, partial sequence
ASV0430;NR_199541.1;100;427;427;100;0;789;3095082;N/A;N/A;Streptococcus fermentans strain BJSWXB5TM5 16S ribosomal RNA, partial sequence
ASV0430;NR_199547.1;100;427;427;100;0;789;3095078;N/A;N/A;Streptococcus wuxiensis strain 21WXBC0057M1 16S ribosomal RNA, partial sequence
ASV0430;NR_199544.1;100;427;427;100;0;789;3095079;N/A;N/A;Streptococcus jiangnanensis strain 21WXBC0044M1 16S ribosomal RNA, partial sequence
ASV0430;NR_180629.1;100;427;427;100;0;789;2588991;N/A;N/A;Streptococcus symci strain C17 16S ribosomal RNA, partial sequence
ASV0430;NR_180625.1;100;427;427;100;0;789;2589786;N/A;N/A;Streptococcus shenyangsis strain D19 16S ribosomal RNA, partial sequence
ASV0430;NR_179540.1;100;427;427;100;0;789;1852387;N/A;N/A;Streptococcus timonensis strain Marseille-P2915 16S ribosomal RNA, partial sequence
ASV0430;NR_179383.1;100;427;427;100;0;789;2853160;N/A;N/A;Streptococcus vulneris strain DM3B3 16S ribosomal RNA, complete sequence
ASV0430;NR_175455.1;100;427;427;100;0;789;1968889;N/A;N/A;Streptococcus downii 16S ribosomal RNA, partial sequence
ASV0430;NR_165744.1;100;427;427;100;0;789;1433513;N/A;N/A;Streptococcus gwangjuensis strain ChDC B345 16S ribosomal RNA, partial sequence
ASV0430;NR_117719.1;100;427;427;100;0;789;"1297857;1458253";"N/A;N/A";N/A;Streptococcus oralis subsp. dentisani strain 7747 16S ribosomal RNA, partial sequence
ASV0430;NR_118234.1;100;427;427;100;0;789;1282664;N/A;N/A;Streptococcus oralis subsp. tigurinus AZ_3a 16S ribosomal RNA, partial sequence
ASV0430;NR_116210.1;100;427;427;100;0;789;655813;N/A;N/A;Streptococcus oralis ATCC 35037 16S ribosomal RNA, partial sequence
ASV0430;NR_116209.1;100;427;427;100;0;789;1302863;N/A;N/A;Streptococcus cristatus AS 1.3089 16S ribosomal RNA, partial sequence
ASV0430;NR_116207.1;100;427;427;100;0;789;28037;N/A;N/A;Streptococcus mitis strain ATCC 49456 16S ribosomal RNA, partial sequence
ASV0430;NR_116206.1;100;427;427;100;0;789;889204;N/A;N/A;Streptococcus infantis ATCC 700779 strain CCUG 39817 16S ribosomal RNA, partial sequence
ASV0430;AB293402.1;100;427;427;100;0;789;344338;N/A;N/A;Uncultured Firmicutes bacterium 16S rRNA, partial sequence, clone: CH-37
ASV0430;NR_115734.1;100;427;427;100;0;789;1303;N/A;N/A;Streptococcus oralis strain CCUG 24891 16S ribosomal RNA, partial sequence
ASV0430;NR_115732.1;100;427;427;100;0;789;28037;N/A;N/A;Streptococcus mitis strain ATCC 49456 16S ribosomal RNA, partial sequence
ASV0430;NR_042928.1;100;427;427;100;0;789;889204;N/A;N/A;Streptococcus infantis ATCC 700779 16S ribosomal RNA, partial sequence
ASV0430;NR_042927.1;100;427;427;100;0;789;"1303;655813";"N/A;N/A";N/A;Streptococcus oralis ATCC 35037 16S ribosomal RNA, partial sequence
ASV0430;NR_115240.1;100;427;427;100;0;789;28037;N/A;N/A;Streptococcus mitis strain ATCC 49456 16S ribosomal RNA, partial sequence
ASV0430;NR_114413.1;100;427;427;100;0;789;655813;N/A;N/A;Streptococcus oralis ATCC 35037 16S ribosomal RNA, partial sequence
ASV0430;NR_028664.1;100;427;427;100;0;789;28037;N/A;N/A;Streptococcus mitis strain NS51 16S ribosomal RNA, partial sequence
ASV0430;NR_115560.1;100;427;427;100;0;789;28037;N/A;N/A;Streptococcus mitis strain NCTC12261 16S ribosomal RNA, partial sequence
ASV0436;NR_026451.1;100;408;408;100;0;754;71999;N/A;N/A;Kocuria palustris strain TAGA27 16S ribosomal RNA, partial sequence
ASV0453;NR_029115.1;100;427;427;100;0;789;263723;N/A;N/A;Idiomarina fontislapidosi strain F23 16S ribosomal RNA, partial sequence
ASV0458;NR_181184.1;100;402;402;100;0;743;2725493;N/A;N/A;Brevundimonas huaxiensis strain 090558 16S ribosomal RNA, partial sequence
ASV0458;NR_148791.1;100;402;402;100;0;743;1312364;N/A;N/A;Brevundimonas albigilva strain NHI-13 16S ribosomal RNA, partial sequence
ASV0458;NR_113586.1;100;402;402;100;0;743;41276;N/A;N/A;Brevundimonas vesicularis strain NBRC 12165 16S ribosomal RNA, partial sequence
ASV0458;FM956574.1;100;402;402;100;0;743;77133;N/A;N/A;Uncultured bacterium partial 16S ribosomal RNA, clone Y3H-20
ASV0458;NR_028633.1;100;402;402;100;0;743;172043;N/A;N/A;Brevundimonas nasdae strain W1-2B 16S ribosomal RNA, partial sequence
ASV0458;NR_037104.1;100;402;402;100;0;743;"41276;74328";"N/A;N/A";N/A;Brevundimonas vesicularis strain Busing 16S ribosomal RNA, partial sequence
ASV0460;NR_042277.1;100;402;402;100;0;743;279827;N/A;N/A;Phenylobacterium falsum strain AC-49 16S ribosomal RNA, partial sequence
ASV0494;NR_136497.1;100;420;420;100;0;776;1469170;N/A;N/A;Longimonas halophila strain SYD6 16S ribosomal RNA, partial sequence
ASV0502;JN233664.1;100;404;404;100;0;747;56765;N/A;N/A;Uncultured marine bacterium clone IMS2R14 16S ribosomal RNA, partial sequence
ASV0510;AM981366.1;100;421;421;100;0;778;520954;N/A;N/A;Uncultured halophilic eubacterium partial 16S rRNA, clone SFC1H031
ASV0510;AM981362.1;100;421;421;100;0;778;520954;N/A;N/A;Uncultured halophilic eubacterium partial 16S rRNA, clone SFC1D071
ASV0521;NR_132716.1;100;402;402;100;0;743;1193142;N/A;N/A;[Roseibacterium] beibuensis strain JLT1202r 16S ribosomal RNA, partial sequence
ASV0522;NR_159175.1;100;402;402;100;0;743;1685378;N/A;N/A;Ruegeria profundi strain ZGT108 16S ribosomal RNA, partial sequence
ASV0525;NR_157680.1;100;402;402;100;0;743;2037914;N/A;N/A;Pararhizobium haloflavum strain XC0140 16S ribosomal RNA, partial sequence
ASV0526;JN233167.1;100;402;402;100;0;743;56765;N/A;N/A;Uncultured marine bacterium clone OS2SR33 16S ribosomal RNA, partial sequence
ASV0542;JN605021.1;100;407;28;7;2.97E-06;52.8;115547;N/A;N/A;Uncultured archaeon clone 54BarcR49 16S ribosomal RNA, partial sequence
ASV0595;NR_153678.1;100;407;407;100;0;752;1857024;N/A;N/A;Brevibacterium sediminis strain CGMCC 1.15472 16S ribosomal RNA, partial sequence
ASV0595;NR_178924.1;100;407;407;100;0;752;2697565;N/A;N/A;Brevibacterium limosum strain MCCC 1A09961 16S ribosomal RNA, partial sequence
ASV0595;NR_178923.1;100;407;407;100;0;752;1496080;N/A;N/A;Brevibacterium pigmentatum strain MCCC 1A09842 16S ribosomal RNA, partial sequence
ASV0595;NR_028016.1;100;407;407;100;0;752;232444;N/A;N/A;Brevibacterium sanguinis strain CF63 16S ribosomal RNA, partial sequence
ASV0595;NR_025727.1;100;407;407;100;0;752;"225845;700032";"N/A;N/A";N/A;Brevibacterium celere strain KMM 3637 16S ribosomal RNA, partial sequence
ASV0595;NR_026241.1;100;407;407;100;0;752;"31943;77133";"N/A;N/A";N/A;Brevibacterium iodinum strain DSM 20626 16S ribosomal RNA, partial sequence
ASV0595;NR_119072.1;100;407;407;100;0;752;31943;N/A;N/A;Brevibacterium iodinum strain NCDO 613 16S ribosomal RNA, partial sequence
ASV0595;NR_029262.1;100;407;407;100;0;752;1698;N/A;N/A;Brevibacterium epidermidis strain P159 16S ribosomal RNA, partial sequence
ASV0605;NR_113346.1;100;428;428;100;0;791;"472;28090";"N/A;N/A";N/A;Acinetobacter lwoffii strain JCM 6840 16S ribosomal RNA, partial sequence
ASV0605;NR_104948.1;100;428;428;100;0;791;"1056810;3144952";"N/A;N/A";N/A;Prolinoborus fasciculus strain CIP 103579 16S ribosomal RNA, partial sequence
ASV0605;FJ900497.1;100;428;428;100;0;791;77133;N/A;N/A;Uncultured bacterium clone Pol276 16S ribosomal RNA, partial sequence
ASV0605;NR_026209.1;100;428;428;100;0;791;28090;N/A;N/A;Acinetobacter lwoffii strain DSM 2403 16S ribosomal RNA, partial sequence
ASV0610;NR_074890.1;100;427;427;100;0;789;393595;N/A;N/A;Alcanivorax borkumensis SK2 16S ribosomal RNA, complete sequence
ASV0610;NR_029340.1;100;427;427;100;0;789;"77133;393595";"N/A;N/A";N/A;Alcanivorax borkumensis SK2 16S ribosomal RNA, partial sequence
ASV0610;FM242477.1;100;427;427;100;0;789;86473;N/A;N/A;Uncultured gamma proteobacterium partial 16S ribosomal RNA, clone 61 T12d+oil
ASV0620;HQ658729.1;100;427;226;53;2.68E-116;418;171547;N/A;N/A;Uncultured KB1 group bacterium clone T3B_B3 16S ribosomal RNA, partial sequence
ASV0620;HQ658728.1;100;427;226;53;2.68E-116;418;171547;N/A;N/A;Uncultured KB1 group bacterium clone T3B_A7 16S ribosomal RNA, partial sequence
ASV0632;NR_179825.1;100;402;402;100;0;743;2161676;N/A;N/A;Sulfitobacter aestuarii strain hydD52 16S ribosomal RNA, partial sequence
ASV0633;NR_180955.1;100;402;402;100;0;743;2599412;N/A;N/A;Paracoccus aurantiacus strain TK008 16S ribosomal RNA, complete sequence
ASV0633;NR_180235.1;100;402;402;100;0;743;2599412;N/A;N/A;Paracoccus aurantiacus strain TK008 16S ribosomal RNA, partial sequence
ASV0633;GU108563.1;100;402;402;100;0;743;189685;N/A;N/A;Uncultured Paracoccus sp. clone 13VI17-15 16S ribosomal RNA, partial sequence
ASV0638;GU108530.1;100;427;427;100;0;789;114053;N/A;N/A;Uncultured Pseudoalteromonas sp. clone II20-14 16S ribosomal RNA, partial sequence
ASV0638;NR_116629.1;100;427;427;100;0;789;1315275;N/A;N/A;Pseudoalteromonas lipolytica LMEB 39 16S ribosomal RNA, partial sequence
ASV0638;AM409196.1;100;427;427;100;0;789;409987;N/A;N/A;Pseudoalteromonas sp. 198(47zx) 16S rRNA gene, isolate 198(47zx)
ASV0638;AM409195.1;100;427;427;100;0;789;409986;N/A;N/A;Pseudoalteromonas sp. 197(53zx) 16S rRNA gene, isolate 197(53zx)
ASV0638;AM409193.1;100;427;427;100;0;789;409984;N/A;N/A;Pseudoalteromonas sp. 71(27zx) partial 16S rRNA gene, isolate 71(27zx)
ASV0640;NR_114152.1;100;427;427;100;0;789;571;N/A;N/A;Klebsiella oxytoca strain NBRC 102593 16S ribosomal RNA, partial sequence
ASV0640;NR_113341.1;100;427;427;100;0;789;571;N/A;N/A;Klebsiella oxytoca strain JCM 1665 16S ribosomal RNA, partial sequence
ASV0640;NR_041749.1;100;427;427;100;0;789;"571;576";"N/A;N/A";N/A;Klebsiella oxytoca strain ATCC 13182 16S ribosomal RNA, partial sequence
ASV0640;AJ871858.1;100;427;427;100;0;789;571;N/A;N/A;Klebsiella oxytoca partial 16S rRNA gene, type strain SB175T
ASV0640;AJ871857.1;100;427;427;100;0;789;571;N/A;N/A;Klebsiella oxytoca partial 16S rRNA gene, strain SB136
ASV0640;NR_118853.1;100;427;427;100;0;789;571;N/A;N/A;Klebsiella oxytoca strain ATCC 13182 16S ribosomal RNA, partial sequence
ASV0640;NR_119277.1;100;427;427;100;0;789;571;N/A;N/A;Klebsiella oxytoca strain ATCC 13182 16S ribosomal RNA, partial sequence
ASV0651;AB672252.1;100;427;427;100;0;789;77133;N/A;N/A;Uncultured bacterium 16S rRNA, partial sequence, clone: R0h16S043
ASV0651;NR_025922.1;100;427;427;100;0;789;"1292;29387";"N/A;N/A";N/A;Staphylococcus warneri strain AW 25 16S ribosomal RNA, partial sequence
ASV0664;NR_025671.1;100;427;427;100;0;789;209639;N/A;N/A;Marinobacter lipolyticus strain SM-19 16S ribosomal RNA, partial sequence
ASV0667;NR_026245.1;100;427;427;100;0;789;48729;N/A;N/A;Rhabdochromatium marinum strain DSM 5261 16S ribosomal RNA, partial sequence
ASV0672;NR_148273.1;100;428;428;100;0;791;1510468;N/A;N/A;Bacillus haikouensis strain C-89 16S ribosomal RNA, partial sequence
ASV0687;NR_180920.1;100;407;407;100;0;752;2665643;N/A;N/A;Gordonia mangrovi strain HNM0687 16S ribosomal RNA, partial sequence
ASV0694;NR_104824.1;100;427;427;100;0;789;648;N/A;N/A;Aeromonas caviae strain CECT 4221 16S ribosomal RNA, partial sequence
ASV0694;NR_037013.2;100;427;427;100;0;789;650;N/A;N/A;Aeromonas jandaei strain CDC0787-80 16S ribosomal RNA, partial sequence
ASV0694;NR_119190.1;100;427;427;100;0;789;644;N/A;N/A;Aeromonas hydrophila strain DSM 30187 16S ribosomal RNA, partial sequence
ASV0694;NR_119040.1;100;427;427;100;0;789;650;N/A;N/A;Aeromonas jandaei strain ATCC 49568 16S ribosomal RNA, partial sequence
ASV0694;NR_029252.1;100;427;427;100;0;789;648;N/A;N/A;Aeromonas caviae strain ATCC 15468 16S ribosomal RNA, partial sequence
ASV0715;NR_180686.1;100;408;408;100;0;754;2594913;N/A;N/A;Corynebacterium sanguinis strain CCUG 58655 16S ribosomal RNA, partial sequence
ASV0719;NR_158029.1;100;402;402;100;0;743;1958940;N/A;N/A;Pontixanthobacter aquaemixtae strain JSSK-8 16S ribosomal RNA, partial sequence
ASV0719;NR_133960.1;100;402;402;100;0;743;1509367;N/A;N/A;Pontixanthobacter aestiaquae strain HDW-31 16S ribosomal RNA, partial sequence
ASV0730;FN435579.1;100;402;402;100;0;743;56765;N/A;N/A;Uncultured marine bacterium partial 16S ribosomal RNA, clone SC5-76
ASV0749;NR_116373.1;100;427;427;100;0;789;"516698;1850286";"N/A;N/A";N/A;Alteromonas halophila strain JSM 073008 16S ribosomal RNA, partial sequence
ASV0760;NR_146051.1;100;427;427;100;0;789;300876;N/A;N/A;Vibrio europaeus strain PP-638 16S ribosomal RNA, partial sequence
ASV0765;FN435438.1;100;427;427;100;0;789;56765;N/A;N/A;Uncultured marine bacterium partial 16S ribosomal RNA, clone WC5-131
ASV0767;NR_169472.1;100;402;402;100;0;743;2528244;N/A;N/A;Paracoccus subflavus strain GY0581 16S ribosomal RNA, partial sequence
ASV0767;NR_180921.1;100;402;402;100;0;743;2796149;N/A;N/A;Paracoccus binzhouensis strain wg1 16S ribosomal RNA, partial sequence
ASV0767;NR_179511.1;100;402;402;100;0;743;1815556;N/A;N/A;Paracoccus fontiphilus strain MVW-1 16S ribosomal RNA, partial sequence
ASV0767;NR_113864.1;100;402;402;100;0;743;34004;N/A;N/A;Paracoccus aminovorans strain NBRC 16711 16S ribosomal RNA, partial sequence
ASV0767;NR_114276.1;100;402;402;100;0;743;525640;N/A;N/A;Paracoccus chinensis strain NBRC 104937 16S ribosomal RNA, partial sequence
ASV0767;NR_108571.1;100;402;402;100;0;743;657651;N/A;N/A;Paracoccus caeni strain MJ17 16S ribosomal RNA, partial sequence
ASV0767;NR_108224.1;100;402;402;100;0;743;"189685;538194";"N/A;N/A";N/A;Paracoccus huijuniae strain FLN-7 16S ribosomal RNA, partial sequence
ASV0767;NR_116401.1;100;402;402;100;0;743;525640;N/A;N/A;Paracoccus chinensis strain KS-11 16S ribosomal RNA, partial sequence
ASV0767;AM231059.1;100;402;402;100;0;743;371855;N/A;N/A;Paracoccus sp. R-26466 partial 16S rRNA gene, strain R-26466
ASV0767;NR_025857.1;100;402;402;100;0;743;34004;N/A;N/A;Paracoccus aminovorans strain DM-82 16S ribosomal RNA, partial sequence
ASV0773;NR_113790.1;100;427;427;100;0;789;104609;N/A;N/A;Vibrio penaeicida strain NBRC 15640 16S ribosomal RNA, partial sequence
ASV0773;NR_042121.1;100;427;427;100;0;789;104609;N/A;N/A;Vibrio penaeicida strain DSM 14398 16S ribosomal RNA, partial sequence
ASV0774;NR_113666.1;100;427;427;100;0;789;33987;N/A;N/A;Exiguobacterium aurantiacum strain NBRC 14763 16S ribosomal RNA, partial sequence
ASV0774;NR_043478.1;100;427;427;100;0;789;33987;N/A;N/A;Exiguobacterium aurantiacum strain DSM 6208 16S ribosomal RNA, partial sequence
ASV0774;NR_042424.1;100;427;427;100;0;789;340146;N/A;N/A;Exiguobacterium mexicanum strain 8N 16S ribosomal RNA, partial sequence
ASV0775;NR_164632.1;100;427;427;100;0;789;2259620;N/A;N/A;Hydrocarboniclastica marina strain Soil36-7 16S ribosomal RNA, partial sequence
ASV0779;NR_113814.1;100;426;426;100;0;787;1373;N/A;N/A;Planococcus citreus strain NBRC 15849 16S ribosomal RNA, partial sequence
ASV0780;NR_152701.1;100;402;402;100;0;743;1703339;N/A;N/A;Croceicoccus mobilis strain Ery22 16S ribosomal RNA, partial sequence
ASV0780;NR_044320.1;100;402;402;100;0;743;450378;N/A;N/A;Croceicoccus marinus strain E4A9 16S ribosomal RNA, partial sequence
ASV0792;NR_114435.1;100;427;427;100;0;789;45972;N/A;N/A;Staphylococcus pasteuri strain ATCC 51129 16S ribosomal RNA, partial sequence
ASV0792;NR_024669.1;100;427;427;100;0;789;"29387;45972";"N/A;N/A";N/A;Staphylococcus pasteuri strain ATCC 51129 16S ribosomal RNA, partial sequence
ASV0797;NR_132291.1;100;402;402;100;0;743;1215923;N/A;N/A;Lentilitoribacter donghaensis strain BH-4 16S ribosomal RNA, partial sequence
ASV0810;NR_199458.1;100;407;407;100;0;752;3115209;N/A;N/A;Janibacter alittae strain A1S7 16S ribosomal RNA, partial sequence
ASV0810;NR_114380.1;100;407;407;100;0;752;1285192;N/A;N/A;Janibacter cremeus strain HR08-44 16S ribosomal RNA, partial sequence
ASV0819;NR_179028.1;100;428;428;100;0;791;1843371;N/A;N/A;Acinetobacter guerrae strain AC 1271 16S ribosomal RNA, partial sequence
ASV0819;NR_116071.1;100;428;428;100;0;791;465797;N/A;N/A;Acinetobacter septicus strain AK001 16S ribosomal RNA, partial sequence
ASV0819;NR_116070.1;100;428;428;100;0;791;465797;N/A;N/A;Acinetobacter septicus strain AK001 16S ribosomal RNA, partial sequence
ASV0819;NR_116069.1;100;428;428;100;0;791;465797;N/A;N/A;Acinetobacter septicus strain AK001 16S ribosomal RNA, partial sequence
ASV0830;NR_181830.1;100;402;402;100;0;743;2867239;N/A;N/A;Qipengyuania proteolytica strain 6B39 16S ribosomal RNA, partial sequence
ASV0838;NR_119093.2;100;407;407;100;0;752;37916;N/A;N/A;Mycolicibacterium chlorophenolicum strain PCP-I 16S ribosomal RNA, complete sequence
ASV0838;NR_041902.1;100;407;407;100;0;752;1800;N/A;N/A;Mycolicibacterium chubuense strain ATCC 27278 16S ribosomal RNA, partial sequence
ASV0838;NR_025235.1;100;407;407;100;0;752;39694;N/A;N/A;Mycolicibacterium poriferae strain ATCC 35087 16S ribosomal RNA, partial sequence
ASV0872;KU612885.1;100;427;427;100;0;789;663;N/A;N/A;Vibrio alginolyticus strain SZFH 16S ribosomal RNA, partial sequence
ASV0892;NR_180497.1;100;427;427;100;0;789;"306;2666183";"N/A;N/A";N/A;Pseudomonas juntendi strain BML3 16S ribosomal RNA, partial sequence
ASV0892;NR_179898.1;100;427;427;100;0;789;2364649;N/A;N/A;Pseudomonas laurentiana strain GSL-010 16S ribosomal RNA, partial sequence
ASV0892;NR_145562.1;100;427;427;100;0;789;1577705;N/A;N/A;Pseudomonas glareae strain KMM 9500 16S ribosomal RNA, partial sequence
ASV0892;AM936398.1;100;427;427;100;0;789;114707;N/A;N/A;Uncultured Pseudomonas sp. partial 16S rRNA gene, clone CM37D4
ASV0892;NR_116904.1;100;427;427;100;0;789;556533;N/A;N/A;Pseudomonas benzenivorans strain DSM 8628 16S ribosomal RNA, partial sequence
ASV0892;NR_178288.1;100;427;427;100;0;789;485880;N/A;N/A;Pseudomonas kurunegalensis strain RW1P2 16S ribosomal RNA, partial sequence
ASV0912;NR_125641.1;100;402;402;100;0;743;1247963;N/A;N/A;Parvularcula oceani strain JLT2013 16S ribosomal RNA, partial sequence
ASV0933;NR_133989.1;100;402;402;100;0;743;1443434;N/A;N/A;Brevundimonas denitrificans strain TAR-002 16S ribosomal RNA, partial sequence
ASV0933;NR_041965.1;100;402;402;100;0;743;74314;N/A;N/A;Brevundimonas alba strain DSM 4736 16S ribosomal RNA, partial sequence
ASV0934;NR_157779.1;100;402;402;100;0;743;1886786;N/A;N/A;Sphingobium naphthae strain K-3-6 16S ribosomal RNA, partial sequence
ASV0934;NR_113839.1;100;402;402;100;0;743;86193;N/A;N/A;Sphingobium abikonense strain NBRC 16140 16S ribosomal RNA, partial sequence
ASV0939;NR_133990.1;100;402;402;100;0;743;1462582;N/A;N/A;Brucella papionis strain F8/08-60 16S ribosomal RNA, partial sequence
ASV0939;NR_074146.1;100;402;402;100;0;743;444178;N/A;N/A;Brucella ovis ATCC 25840 16S ribosomal RNA, partial sequence
ASV0939;NR_074111.1;100;402;402;100;0;743;29459;N/A;N/A;Brucella melitensis strain 16M 16S ribosomal RNA, partial sequence
ASV0939;NR_074286.1;100;402;402;100;0;743;"36855;204722;444163";"N/A;N/A;N/A";N/A;Brucella canis strain ATCC 23365 16S ribosomal RNA, complete sequence
ASV0939;NR_074243.1;100;402;402;100;0;743;439375;N/A;N/A;Brucella anthropi ATCC 49188 16S ribosomal RNA, partial sequence
ASV0939;NR_114149.1;100;402;402;100;0;743;94627;N/A;N/A;Brucella grignonensis strain NBRC 102586 16S ribosomal RNA, partial sequence
ASV0939;NR_114148.1;100;402;402;100;0;743;94626;N/A;N/A;Brucella tritici strain NBRC 102585 16S ribosomal RNA, partial sequence
ASV0939;NR_113811.1;100;402;402;100;0;743;"529;94625;255457;1113601";"N/A;N/A;N/A;N/A";N/A;Brucella anthropi strain NBRC 15819 16S ribosomal RNA, partial sequence
ASV0939;NR_118257.1;100;402;402;100;0;743;29459;N/A;N/A;Brucella melitensis strain 16M 16S ribosomal RNA, partial sequence
ASV0939;NR_117053.1;100;402;402;100;0;743;867683;N/A;N/A;Brucella pecoris strain 08RB2639 16S ribosomal RNA, partial sequence
ASV0939;NR_028901.1;100;402;402;100;0;743;94627;N/A;N/A;Brucella grignonensis strain OgA9a 16S ribosomal RNA, partial sequence
ASV0939;NR_116161.1;100;402;402;100;0;743;470735;N/A;N/A;Brucella inopinata BO1 16S ribosomal RNA, partial sequence
ASV0939;NR_115044.1;100;402;402;100;0;743;94627;N/A;N/A;Brucella grignonensis strain OgA9a 16S ribosomal RNA, partial sequence
ASV0939;NR_042599.1;100;402;402;100;0;743;571255;N/A;N/A;Brucella thiophenivorans strain DSM 7216 16S ribosomal RNA, partial sequence
ASV0939;NR_042549.1;100;402;402;100;0;743;"444163;568815";"N/A;N/A";N/A;Brucella microti strain CCM 4915 16S ribosomal RNA, partial sequence
ASV0939;AM231060.1;100;402;402;100;0;743;371852;N/A;N/A;Ochrobactrum sp. R-26465 partial 16S rRNA gene, strain R-26465
ASV0939;AM231057.1;100;402;402;100;0;743;371850;N/A;N/A;Ochrobactrum sp. R-24286 partial 16S rRNA gene, strain R-24286
ASV0939;AM231041.1;100;402;402;100;0;743;371836;N/A;N/A;Ochrobactrum sp. R-24468 partial 16S rRNA gene, strain R-24468
ASV0939;NR_042460.1;100;402;402;100;0;743;"235;29459;52132;120576;120577;204722";"N/A;N/A;N/A;N/A;N/A;N/A";N/A;Brucella abortus strain 544 16S ribosomal RNA, partial sequence
ASV0939;NR_042588.1;100;402;402;100;0;743;"529;419474";"N/A;N/A";N/A;Brucella haematophila strain CCUG 38531 16S ribosomal RNA, partial sequence
ASV0939;NR_114980.1;100;402;402;100;0;743;"529;94626";"N/A;N/A";N/A;Brucella tritici strain SCII24 16S ribosomal RNA, partial sequence
ASV0939;NR_114979.1;100;402;402;100;0;743;"529;94625;255457;439375";"N/A;N/A;N/A;N/A";N/A;Brucella anthropi strain LMG 3331 16S ribosomal RNA, partial sequence
ASV0939;NR_043184.1;100;402;402;100;0;743;407152;N/A;N/A;Brucella cytisi strain ESC1 16S ribosomal RNA, partial sequence
ASV0939;NR_028902.1;100;402;402;100;0;743;94626;N/A;N/A;Brucella tritici strain SCII24 16S ribosomal RNA, partial sequence
ASV0939;NR_042911.1;100;402;402;100;0;743;255457;N/A;N/A;Brucella lupini strain LUP21 16S ribosomal RNA, partial sequence
ASV0939;NR_043003.1;100;402;402;100;0;743;"235;236;29459;29460;29461;36855;82350;274058;520456";"N/A;N/A;N/A;N/A;N/A;N/A;N/A;N/A;N/A";N/A;Brucella melitensis biovar Melitensis strain 2000031283 16S ribosomal RNA, partial sequence
ASV0939;NR_044652.1;100;402;402;100;0;743;"36855;52132";"N/A;N/A";N/A;Brucella canis strain RM-666 16S ribosomal RNA, partial sequence
ASV0993;NR_025476.1;100;427;427;100;0;789;170651;N/A;N/A;Vibrio neptunius strain LMG 20536 16S ribosomal RNA, partial sequence
ASV1000;NR_074515.1;100;422;422;100;0;780;435590;N/A;N/A;Phocaeicola vulgatus ATCC 8482 16S ribosomal RNA, partial sequence
ASV1000;NR_112946.1;100;422;422;100;0;780;821;N/A;N/A;Phocaeicola vulgatus strain JCM 5826 16S ribosomal RNA, partial sequence
ASV10005;NR_114458.1;100;405;405;100;0;749;584708;N/A;N/A;Aminomonas paucivorans DSM 12260 strain GLU-3 16S ribosomal RNA, partial sequence
ASV1016;NR_181192.1;100;422;422;100;0;780;2737006;N/A;N/A;Sphingobacterium prati strain arapr2 16S ribosomal RNA, partial sequence
ASV1016;NR_040953.1;100;422;422;100;0;780;28454;N/A;N/A;Sphingobacterium multivorum strain IAM 14316 16S ribosomal RNA, partial sequence
ASV1024;NR_117677.1;100;428;428;100;0;791;470;N/A;N/A;Acinetobacter baumannii strain DSM 30007 16S ribosomal RNA, partial sequence
ASV1024;NR_117620.1;100;428;428;100;0;791;"470;77133";"N/A;N/A";N/A;Acinetobacter baumannii strain ATCC 19606 16S ribosomal RNA, partial sequence
ASV1024;NR_113237.1;100;428;428;100;0;791;"470;903892;903895;903897;903898";"N/A;N/A;N/A;N/A;N/A";N/A;Acinetobacter baumannii strain JCM 6841 16S ribosomal RNA, partial sequence
ASV1024;NR_116845.1;100;428;428;100;0;791;470;N/A;N/A;Acinetobacter baumannii strain CIP 70.34 16S ribosomal RNA, partial sequence
ASV1024;NR_026206.1;100;428;428;100;0;791;"470;472;165433";"N/A;N/A;N/A";N/A;Acinetobacter baumannii strain DSM 30007 16S ribosomal RNA, partial sequence
ASV1035;NR_137375.1;100;427;427;100;0;789;1656094;N/A;N/A;Alteromonas confluentis strain DSSK2-12 16S ribosomal RNA, partial sequence
ASV1049;NR_164959.1;100;407;407;100;0;752;2058291;N/A;N/A;Janibacter massiliensis strain Marseille-P4121 16S ribosomal RNA, partial sequence
ASV1049;NR_108472.1;100;407;407;100;0;752;642776;N/A;N/A;Pedococcus badiiscoriae strain Sco-B23 16S ribosomal RNA, partial sequence
ASV1049;NR_104794.1;100;407;407;100;0;752;1210046;N/A;N/A;Janibacter hoylei PVAS-1 16S ribosomal RNA, partial sequence
ASV1049;NR_109064.1;100;407;407;100;0;752;882824;N/A;N/A;Knoellia locipacati strain DMZ1 16S ribosomal RNA, partial sequence
ASV1049;NR_132688.1;100;407;407;100;0;752;663580;N/A;N/A;Phycicoccus ochangensis strain L1b-b9 16S ribosomal RNA, partial sequence
ASV1049;NR_025805.1;100;407;407;100;0;752;262209;N/A;N/A;Janibacter melonis strain CM2104 16S ribosomal RNA, partial sequence
ASV1049;NR_043218.1;100;407;407;100;0;752;319054;N/A;N/A;Janibacter anophelis strain H2.16B 16S ribosomal RNA, partial sequence
ASV1049;NR_026362.1;100;407;407;100;0;752;53458;N/A;N/A;Janibacter limosus strain DSM 11140 16S ribosomal RNA, partial sequence
ASV10509;NR_114970.2;100;427;427;100;0;789;340145;N/A;N/A;Exiguobacterium artemiae strain 9AN 16S ribosomal RNA, partial sequence
ASV10509;NR_075006.1;100;427;427;100;0;789;"44751;340145";"N/A;N/A";N/A;Exiguobacterium artemiae strain 255-15 16S ribosomal RNA, partial sequence
ASV1051;NR_181910.1;100;427;427;100;0;789;170540;N/A;N/A;Halopseudomonas gallaeciensis strain V113 16S ribosomal RNA, partial sequence
ASV1069;NR_117640.1;100;426;426;100;0;787;1017354;N/A;N/A;Rubrobacter bracarensis strain VFA70612_S1 16S ribosomal RNA, partial sequence
ASV1069;NR_117202.1;100;426;426;100;0;787;1017354;N/A;N/A;Rubrobacter bracarensis strain VF70612_S1 16S ribosomal RNA, partial sequence
ASV1070;NR_197676.1;100;427;427;100;0;789;3063538;N/A;N/A;Shewanella scandinavica strain SP2S1-2 16S ribosomal RNA, partial sequence
ASV1070;NR_197675.1;100;427;427;100;0;789;3063535;N/A;N/A;Shewanella vaxholmensis strain SP1S1-4 16S ribosomal RNA, partial sequence
ASV1070;NR_178284.1;100;427;427;100;0;789;1659315;N/A;N/A;Shewanella arctica (ex Qoura et al. 2014) (nom. illeg.) strain : 40-3 16S ribosomal RNA, partial sequence
ASV1077;NR_152010.1;100;402;402;100;0;743;1820329;N/A;N/A;Lutimaribacter marinistellae strain SF-12 16S ribosomal RNA, partial sequence
ASV1080;NR_113392.1;100;428;428;100;0;791;34062;N/A;N/A;Faucicola osloensis strain DSM 6998 16S ribosomal RNA, partial sequence
ASV1080;NR_113391.1;100;428;428;100;0;791;34062;N/A;N/A;Faucicola osloensis strain ATCC 19976 16S ribosomal RNA, partial sequence
ASV1080;NR_104936.1;100;428;428;100;0;791;34062;N/A;N/A;Faucicola osloensis strain A1920 16S ribosomal RNA, partial sequence
ASV1091;FN435574.1;100;402;402;100;0;743;56765;N/A;N/A;Uncultured marine bacterium partial 16S ribosomal RNA, clone SC5-61
ASV1113;NR_117624.1;100;428;428;100;0;791;"472;40214";"N/A;N/A";N/A;Acinetobacter johnsonii strain ATCC 17909 16S ribosomal RNA, partial sequence
ASV1121;NR_179339.1;100;427;427;100;0;789;2740518;N/A;N/A;Pseudomonas faucium strain BML-PP048 16S ribosomal RNA, partial sequence
ASV1121;NR_178547.1;100;427;427;100;0;789;1247546;N/A;N/A;Pseudomonas hunanensis strain LV 16S ribosomal RNA, partial sequence
ASV1121;NR_178291.1;100;427;427;100;0;789;485898;N/A;N/A;Pseudomonas promysalinigenes strain RW10S1 16S ribosomal RNA, partial sequence
ASV1121;L37365.1;100;427;427;100;0;789;303;N/A;N/A;Pseudomonas putida ribosomal RNA
ASV1167;NR_157668.1;100;402;402;100;0;743;2023261;N/A;N/A;Paracoccus hibiscisoli strain THG-T2.31 16S ribosomal RNA, partial sequence
ASV1167;NR_181904.1;100;402;402;100;0;743;1706839;N/A;N/A;Paracoccus gahaiensis strain CUG 00006 16S ribosomal RNA, partial sequence
ASV1167;NR_178860.1;100;402;402;100;0;743;1706839;N/A;N/A;Paracoccus gahaiensis strain CUG00006 16S ribosomal RNA, partial sequence
ASV1167;NR_175473.1;100;402;402;100;0;743;2489002;N/A;N/A;Paracoccus nototheniae strain 41R45 16S ribosomal RNA, partial sequence
ASV1167;NR_024658.1;100;402;402;100;0;743;65151;N/A;N/A;Paracoccus carotinifaciens strain E-396 16S ribosomal RNA, partial sequence
ASV1167;NR_044922.1;100;402;402;100;0;743;59779;N/A;N/A;Paracoccus marcusii strain MH1 16S ribosomal RNA, partial sequence
ASV1168;NR_026197.1;100;408;408;100;0;754;37922;N/A;N/A;Nesterenkonia halobia strain DSM 20541 16S ribosomal RNA, partial sequence
ASV1188;NR_042613.1;100;402;402;100;0;743;"430679;1231184";"N/A;N/A";N/A;Nitratireductor kimnyeongensis strain KY 101 16S ribosomal RNA, partial sequence
ASV1210;FN435546.1;100;428;428;100;0;791;56765;N/A;N/A;Uncultured marine bacterium partial 16S ribosomal RNA, clone SC5-19
ASV1210;FN435375.1;100;428;428;100;0;791;56765;N/A;N/A;Uncultured marine bacterium partial 16S ribosomal RNA, clone WC0-29
ASV1211;FN435352.1;100;402;402;100;0;743;56765;N/A;N/A;Uncultured marine bacterium partial 16S ribosomal RNA, clone WC0-63
ASV1224;NR_159906.1;100;428;428;100;0;791;2078952;N/A;N/A;Aeribacillus kexueae strain Ma50-5 16S ribosomal RNA, partial sequence
ASV1233;NR_112713.1;100;403;403;100;0;745;1313171;N/A;N/A;Ilumatobacter nonamiensis YM16-303 16S ribosomal RNA, partial sequence
ASV1322;NR_044425.1;100;402;402;100;0;743;474960;N/A;N/A;Hydrogenoanaerobacterium saccharovorans strain SW512 16S ribosomal RNA, partial sequence
ASV1331;NR_134741.1;100;427;427;100;0;789;1477018;N/A;N/A;Hafnia psychrotolerans strain DJC1-1 16S ribosomal RNA, partial sequence
ASV1347;NR_132714.1;100;402;402;100;0;743;"592886;1046116";"N/A;N/A";N/A;Paracoccus oceanense strain JLT1679 16S ribosomal RNA, partial sequence
ASV1384;NR_024874.1;100;427;427;100;0;789;70584;N/A;N/A;Aquabacterium parvum strain B6 16S ribosomal RNA, partial sequence
ASV1398;FN435583.1;100;427;427;100;0;789;56765;N/A;N/A;Uncultured marine bacterium partial 16S ribosomal RNA, clone SC5-59
ASV1398;FN435577.1;100;427;427;100;0;789;56765;N/A;N/A;Uncultured marine bacterium partial 16S ribosomal RNA, clone SC5-33
ASV1398;FN435573.1;100;427;427;100;0;789;56765;N/A;N/A;Uncultured marine bacterium partial 16S ribosomal RNA, clone SC5-40
ASV1398;FN435567.1;100;427;427;100;0;789;56765;N/A;N/A;Uncultured marine bacterium partial 16S ribosomal RNA, clone SC5-146
ASV1398;FN435558.1;100;427;427;100;0;789;56765;N/A;N/A;Uncultured marine bacterium partial 16S ribosomal RNA, clone SC5-41
ASV1411;NR_137359.1;100;402;402;100;0;743;1671480;N/A;N/A;Paracoccus angustae strain E6 16S ribosomal RNA, partial sequence
ASV1428;NR_113069.1;100;422;422;100;0;780;477666;N/A;N/A;Bacteroides graminisolvens strain JCM 15093 16S ribosomal RNA, partial sequence
ASV1428;NR_041642.1;100;422;422;100;0;780;477666;N/A;N/A;Bacteroides graminisolvens strain XDT-1 16S ribosomal RNA, partial sequence
ASV1444;NR_158139.1;100;402;402;100;0;743;1915074;N/A;N/A;Sphingomonas jeddahensis strain G39 16S ribosomal RNA, partial sequence
ASV1444;NR_043612.1;100;402;402;100;0;743;344880;N/A;N/A;Sphingomonas dokdonensis strain DS-4 16S ribosomal RNA, partial sequence
ASV1446;NR_156825.1;100;422;422;100;0;780;1859201;N/A;N/A;Chryseobacterium lineare strain XC0022 16S ribosomal RNA, partial sequence
ASV1520;NR_135696.1;100;426;426;100;0;787;523701;N/A;N/A;Pleionea mediterranea strain MOLA115 16S ribosomal RNA, partial sequence
ASV1522;NR_179382.1;100;427;427;100;0;789;2725477;N/A;N/A;Pseudomonas tohonis strain TUM18999 16S ribosomal RNA, partial sequence
ASV1564;NR_135708.1;100;402;402;100;0;743;1227950;N/A;N/A;Sphingomicrobium marinum strain CC-AMZ-30M 16S ribosomal RNA, partial sequence
ASV1566;NR_118329.1;100;402;402;100;0;743;1123755;N/A;N/A;Yoonia litorea strain DPG-5 16S ribosomal RNA, partial sequence
ASV1585;FN435472.1;100;427;427;100;0;789;56765;N/A;N/A;Uncultured marine bacterium partial 16S ribosomal RNA, clone WD5-60
ASV1585;FN435412.1;100;427;427;100;0;789;56765;N/A;N/A;Uncultured marine bacterium partial 16S ribosomal RNA, clone WC5-14
ASV1662;NR_113870.1;100;427;427;100;0;789;180282;N/A;N/A;Delftia tsuruhatensis strain NBRC 16741 16S ribosomal RNA, partial sequence
ASV1662;JN233125.1;100;427;427;100;0;789;86027;N/A;N/A;Uncultured beta proteobacterium clone OS2BR12 16S ribosomal RNA, partial sequence
ASV1662;NR_116495.1;100;427;427;100;0;789;558537;N/A;N/A;Delftia lacustris strain 332 16S ribosomal RNA, partial sequence
ASV1662;NR_024786.1;100;427;427;100;0;789;180282;N/A;N/A;Delftia tsuruhatensis strain T7 16S ribosomal RNA, partial sequence
ASV1673;NR_117929.1;100;402;402;100;0;743;"889299;889300";"N/A;N/A";N/A;Nitratireductor aquimarinus strain CL-SC21 16S ribosomal RNA, partial sequence
ASV1673;AM981316.1;100;402;402;100;0;743;"520953;1872084";"N/A;N/A";N/A;Uncultured Nitratireductor sp. partial 16S rRNA, clone SFC1F111
ASV1673;AM981315.1;100;402;402;100;0;743;520953;N/A;N/A;Uncultured Nitratireductor sp. partial 16S rRNA, clone SFC1A111
ASV1673;AM981313.1;100;402;402;100;0;743;520953;N/A;N/A;Uncultured Nitratireductor sp. partial 16S rRNA, clone SFC1B101
ASV1673;NR_025262.1;100;402;402;100;0;743;1231185;N/A;N/A;Nitratireductor aquibiodomus NL21 = JCM 21793 16S ribosomal RNA, partial sequence
ASV1688;NR_036902.1;100;427;427;100;0;789;"29382;74704";"N/A;N/A";N/A;Staphylococcus cohnii strain GH 137 16S ribosomal RNA, partial sequence
ASV1745;NR_042319.1;100;402;402;100;0;743;1121027;N/A;N/A;Aurantimonas coralicida DSM 14790 strain WP1 16S ribosomal RNA, partial sequence
ASV1745;NR_114936.1;100;402;402;100;0;743;"287752;651183";"N/A;N/A";N/A;Aurantimonas manganoxydans strain SI85-9A1 16S ribosomal RNA, partial sequence
ASV1745;NR_115134.1;100;402;402;100;0;743;1121027;N/A;N/A;Aurantimonas coralicida DSM 14790 strain WP1 16S ribosomal RNA, partial sequence
ASV1745;NR_118836.1;100;402;402;100;0;743;"287752;651183";"N/A;N/A";N/A;Aurantimonas manganoxydans strain SI85-9A1 16S ribosomal RNA, partial sequence
ASV1748;NR_113791.1;100;427;427;100;0;789;1051646;N/A;N/A;Vibrio tubiashii ATCC 19109 strain NBRC 15644 16S ribosomal RNA, partial sequence
ASV1748;NR_118093.1;100;427;427;100;0;789;1051646;N/A;N/A;Vibrio tubiashii ATCC 19109 16S ribosomal RNA, partial sequence
ASV1786;NR_197695.1;100;427;427;100;0;789;3053355;N/A;N/A;Streptococcus raffinosi strain VTCC 12812 16S ribosomal RNA, partial sequence
ASV1786;NR_042776.1;100;427;427;100;0;789;1304;N/A;N/A;Streptococcus salivarius strain ATCC 7073 16S ribosomal RNA, partial sequence
ASV1786;M58839.1;100;427;427;100;0;789;1304;N/A;N/A;Streptococcus salivarius 16S ribosomal RNA
ASV1813;NR_180005.1;100;428;428;100;0;791;742719;N/A;N/A;Acinetobacter oryzae strain B23 16S ribosomal RNA, partial sequence
ASV1862;NR_116858.1;100;402;402;100;0;743;645517;N/A;N/A;Paraurantiacibacter namhicola strain KYW48 16S ribosomal RNA, partial sequence
ASV1864;NR_117623.1;100;428;428;100;0;791;40215;N/A;N/A;Acinetobacter junii strain ATCC 17908 16S ribosomal RNA, partial sequence
ASV1864;NR_026208.1;100;428;428;100;0;791;40215;N/A;N/A;Acinetobacter junii strain DSM 6964 16S ribosomal RNA, partial sequence
ASV1869;NR_041587.1;100;427;427;100;0;789;435289;N/A;N/A;Novilysobacter spongiicola strain KMM 329 16S ribosomal RNA, partial sequence
ASV1870;NR_174295.1;100;402;402;100;0;743;2721160;N/A;N/A;Bradyrhizobium archetypum strain CNPSO:4013 16S ribosomal RNA, partial sequence
ASV1870;NR_174296.1;100;402;402;100;0;743;2721161;N/A;N/A;Bradyrhizobium australiense strain CNPSO:4014 16S ribosomal RNA, partial sequence
ASV1870;NR_174294.1;100;402;402;100;0;743;1038859;N/A;N/A;Bradyrhizobium murdochi strain CNPSO:4020 16S ribosomal RNA, partial sequence
ASV1870;LC419874.1;100;402;402;100;0;743;77133;N/A;N/A;Uncultured bacterium 16S rRNA, partial sequence, clone: RBd7-B10
ASV1870;NR_199405.1;100;402;402;100;0;743;3116917;N/A;N/A;Afipia dichlorophenoxyacetatis strain DD3 16S ribosomal RNA, partial sequence
ASV1870;NR_159233.1;100;402;402;100;0;743;1549938;N/A;N/A;Bradyrhizobium namibiense strain 5-10 16S ribosomal RNA, partial sequence
ASV1870;NR_180493.1;100;402;402;100;0;743;2821406;N/A;N/A;Bradyrhizobium australafricanum strain CNPSo 4015 16S ribosomal RNA, partial sequence
ASV1870;NR_179732.1;100;402;402;100;0;743;2364026;N/A;N/A;Bradyrhizobium ripae strain WR4 16S ribosomal RNA, partial sequence
ASV1870;NR_179488.1;100;402;402;100;0;743;1571202;N/A;N/A;Bradyrhizobium altum strain Pear77 16S ribosomal RNA, partial sequence
ASV1870;NR_179487.1;100;402;402;100;0;743;1571201;N/A;N/A;Bradyrhizobium oropedii strain Pear76 16S ribosomal RNA, partial sequence
ASV1870;NR_179486.1;100;402;402;100;0;743;2683706;N/A;N/A;Bradyrhizobium acaciae strain 10BB 16S ribosomal RNA, partial sequence
ASV1870;NR_178803.1;100;402;402;100;0;743;1404864;N/A;N/A;Bradyrhizobium cosmicum strain 58S1 16S ribosomal RNA, partial sequence
ASV1870;NR_178802.1;100;402;402;100;0;743;1404411;N/A;N/A;Bradyrhizobium septentrionale strain 1S1 16S ribosomal RNA, partial sequence
ASV1870;NR_178800.1;100;402;402;100;0;743;2748629;N/A;N/A;Bradyrhizobium quebecense strain 66S1MB 16S ribosomal RNA, partial sequence
ASV1870;NR_178364.1;100;402;402;100;0;743;634784;N/A;N/A;Bradyrhizobium algeriense strain RST89 16S ribosomal RNA, partial sequence
ASV1870;NR_135877.1;100;402;402;100;0;743;"376;1437360";"N/A;N/A";N/A;Bradyrhizobium erythrophlei strain CCBAU 53325 16S ribosomal RNA, partial sequence
ASV1870;NR_125638.1;100;402;402;100;0;743;1518501;N/A;N/A;Bradyrhizobium valentinum strain LmjM3 16S ribosomal RNA, partial sequence
ASV1870;NR_118548.1;100;402;402;100;0;743;1300035;N/A;N/A;Bradyrhizobium retamae strain Ro19 16S ribosomal RNA, partial sequence
ASV1870;AB659734.1;100;402;402;100;0;743;77133;N/A;N/A;Uncultured bacterium RNA for 16S rRNA, partial sequence, clone: B1001R001_I16
ASV1870;AB656453.1;100;402;402;100;0;743;77133;N/A;N/A;Uncultured bacterium RNA for 16S rRNA, partial sequence, clone: B0423R001_I23
ASV1870;AB656452.1;100;402;402;100;0;743;77133;N/A;N/A;Uncultured bacterium RNA for 16S rRNA, partial sequence, clone: B0423R001_I10
ASV1870;NR_117947.1;100;402;402;100;0;743;29448;N/A;N/A;Bradyrhizobium elkanii strain USDA 76 16S ribosomal RNA, partial sequence
ASV1870;NR_036953.1;100;402;402;100;0;743;29448;N/A;N/A;Bradyrhizobium elkanii strain USDA 76 16S ribosomal RNA, partial sequence
ASV1870;NR_117513.1;100;402;402;100;0;743;722472;N/A;N/A;Bradyrhizobium lablabi strain CCBAU 23086 16S ribosomal RNA, partial sequence
ASV1870;NR_112927.1;100;402;402;100;0;743;29448;N/A;N/A;Bradyrhizobium elkanii strain NBRC 14791 16S ribosomal RNA, partial sequence
ASV1870;AM936487.1;100;402;402;100;0;743;91750;N/A;N/A;Uncultured Alpha proteobacterium partial 16S rRNA gene, clone CM38G1
ASV1870;NR_145860.1;100;402;402;100;0;743;"29448;1654716;1904807";"N/A;N/A;N/A";N/A;Bradyrhizobium viridifuturi strain SEMIA 690 16S ribosomal RNA, partial sequence
ASV1870;EU247481.1;100;402;402;100;0;743;77133;N/A;N/A;Uncultured bacterium clone LLR5 16S ribosomal RNA, partial sequence
ASV1870;NR_133707.1;100;402;402;100;0;743;"190148;1274631";"N/A;N/A";N/A;Bradyrhizobium icense strain LMTR 13 16S ribosomal RNA, partial sequence
ASV1870;LC419811.1;100;402;402;100;0;743;"77133;199684;936412";"N/A;N/A;N/A";N/A;Uncultured Bradyrhizobium sp. gene for 16S rRNA, partial sequence, clone:16S-5
ASV1870;NR_043037.1;100;402;402;100;0;743;280333;N/A;N/A;Bradyrhizobium pachyrhizi strain PAC48 16S ribosomal RNA, partial sequence
ASV1870;NR_043036.1;100;402;402;100;0;743;280332;N/A;N/A;Bradyrhizobium jicamae strain PAC68 16S ribosomal RNA, partial sequence
ASV1870;NR_114610.1;100;402;402;100;0;743;29448;N/A;N/A;Bradyrhizobium elkanii strain ATCC 49852 16S ribosomal RNA, partial sequence
ASV1870;NR_145861.1;100;402;402;100;0;743;630921;N/A;N/A;Bradyrhizobium embrapense strain SEMIA 6208 16S ribosomal RNA, partial sequence
ASV1870;NR_145862.1;100;402;402;100;0;743;312253;N/A;N/A;Bradyrhizobium tropiciagri strain SEMIA 6148 16S ribosomal RNA, partial sequence
ASV1870;NR_029200.1;100;402;402;100;0;743;"56946;883078";"N/A;N/A";N/A;Afipia broomeae strain F186 16S ribosomal RNA, partial sequence
ASV1898;NR_025625.1;100;428;428;100;0;791;246144;N/A;N/A;Enterococcus italicus strain LMG 21727 16S ribosomal RNA, partial sequence
ASV1902;FN435379.1;100;402;402;100;0;743;56765;N/A;N/A;Uncultured marine bacterium partial 16S ribosomal RNA, clone WC0-38
ASV1915;HE981707.1;100;402;402;100;0;743;56765;N/A;N/A;Uncultured marine bacterium partial 16S ribosomal RNA, clone 28DF2
ASV1929;NR_042489.1;100;427;427;100;0;789;370767;N/A;N/A;Vreelandella janggokensis strain M24' 16S ribosomal RNA, partial sequence
ASV1955;NR_152022.1;100;407;407;100;0;752;"84139;417102;1701090";"N/A;N/A;N/A";N/A;Gordonia hongkongensis strain HKU50 16S ribosomal RNA, partial sequence
ASV1955;NR_118598.1;100;407;407;100;0;752;2055;N/A;N/A;Gordonia terrae strain DSM 43249 16S ribosomal RNA, partial sequence
ASV1955;NR_119121.1;100;407;407;100;0;752;2055;N/A;N/A;Gordonia terrae strain ATCC 25594 16S ribosomal RNA, partial sequence
ASV1955;NR_037022.1;100;407;407;100;0;752;2055;N/A;N/A;Gordonia terrae strain 3612 16S ribosomal RNA, partial sequence
ASV1985;NR_115697.1;100;427;427;100;0;789;"339656;720605";"N/A;N/A";N/A;Halomonas smyrnensis strain AAD6 16S ribosomal RNA, partial sequence
ASV1988;NR_165009.1;100;402;402;100;0;743;2056873;N/A;N/A;Chakrabartia godavariana strain PRB 40 16S ribosomal RNA, partial sequence
ASV2009;NR_179983.1;100;427;427;100;0;789;2587862;N/A;N/A;Vibrio aquimaris strain THAF100 16S ribosomal RNA, partial sequence
ASV2065;NR_043470.1;100;427;427;100;0;789;328412;N/A;N/A;Pseudaeromonas sharmana strain GPTSA-6 16S ribosomal RNA, partial sequence
ASV2070;NR_119274.1;100;427;427;100;0;789;47770;N/A;N/A;Lactobacillus crispatus strain DSM 20584 16S ribosomal RNA, partial sequence
ASV2070;NR_042111.1;100;427;427;100;0;789;52242;N/A;N/A;Lactobacillus gallinarum strain ATCC 33199 16S ribosomal RNA, partial sequence
ASV2070;NR_113261.1;100;427;427;100;0;789;52242;N/A;N/A;Lactobacillus gallinarum strain JCM 2011 16S ribosomal RNA, partial sequence
ASV2070;NR_117063.1;100;427;427;100;0;789;47770;N/A;N/A;Lactobacillus crispatus strain DSM 20584 16S ribosomal RNA, partial sequence
ASV2070;NR_117061.1;100;427;427;100;0;789;52242;N/A;N/A;Lactobacillus gallinarum strain ATCC 33199 16S ribosomal RNA, partial sequence
ASV2070;NR_041800.1;100;427;427;100;0;789;47770;N/A;N/A;Lactobacillus crispatus strain ATCC 33820 16S ribosomal RNA, partial sequence
ASV2106;NR_025575.1;100;427;427;100;0;789;212667;N/A;N/A;Vibrio fortis strain CAIM 629 16S ribosomal RNA, partial sequence
ASV2146;NR_117409.1;100;422;422;100;0;780;680283;N/A;N/A;Salinimicrobium marinum strain KMM 6270 16S ribosomal RNA, partial sequence
ASV2158;FN435416.1;100;402;402;100;0;743;56765;N/A;N/A;Uncultured marine bacterium partial 16S ribosomal RNA, clone WC5-33
ASV2195;NR_180053.1;100;402;402;100;0;743;2169535;N/A;N/A;Altererythrobacter insulae strain BPTF-M16 16S ribosomal RNA, partial sequence
ASV2228;NR_180877.1;100;410;410;100;0;758;2735136;N/A;N/A;Corynebacterium wankanglinii strain zg-913 16S ribosomal RNA, partial sequence
ASV2244;NR_025232.1;100;427;427;100;0;789;187980;N/A;N/A;Microbulbifer salipaludis strain SM-1 16S ribosomal RNA, partial sequence
ASV2244;NR_114913.1;100;427;427;100;0;789;48074;N/A;N/A;Microbulbifer hydrolyticus strain DSM 11525 16S ribosomal RNA, partial sequence
ASV2251;NR_181022.1;100;402;402;100;0;743;2698830;N/A;N/A;Sulfitobacter sediminilitoris strain JBTF-M27 16S ribosomal RNA, partial sequence
ASV2349;NR_114910.1;100;427;427;100;0;789;296199;N/A;N/A;Vibrio gigantis strain LGP 13 16S ribosomal RNA, partial sequence
ASV2426;NR_116360.2;100;402;402;100;0;743;"376;515489";"N/A;N/A";N/A;Bradyrhizobium cytisi strain CTAW11 16S ribosomal RNA, complete sequence
ASV2426;NR_116361.2;100;402;402;100;0;743;"376;515499";"N/A;N/A";N/A;Bradyrhizobium rifense strain CTAW71 16S ribosomal RNA, complete sequence
ASV2426;NR_178652.1;100;402;402;100;0;743;1505087;N/A;N/A;Bradyrhizobium centrolobii strain BR 10245 16S ribosomal RNA, partial sequence
ASV2426;NR_178573.1;100;402;402;100;0;743;1325095;N/A;N/A;Bradyrhizobium guangzhouense strain CCBAU 51670 16S ribosomal RNA, partial sequence
ASV2426;NR_133706.1;100;402;402;100;0;743;1179767;N/A;N/A;Bradyrhizobium ganzhouense strain RITF806 16S ribosomal RNA, partial sequence
ASV2426;NR_133986.1;100;402;402;100;0;743;989370;N/A;N/A;Bradyrhizobium manausense strain BR 3351 16S ribosomal RNA, partial sequence
ASV2426;NR_145893.1;100;402;402;100;0;743;"376;1325088;1325089;1325090;1325093;1325095;1325111;1325112;1630885;1630891;1630899";"N/A;N/A;N/A;N/A;N/A;N/A;N/A;N/A;N/A;N/A;N/A";N/A;Bradyrhizobium guangdongense strain CCBAU 51649 16S ribosomal RNA, partial sequence
ASV2512;NR_112183.1;100;421;421;100;0;778;"1006;1028";"N/A;N/A";N/A;Marivirga sericea strain IFO 15983 16S ribosomal RNA, partial sequence
ASV2516;NR_144740.1;100;401;401;100;0;741;1776391;N/A;N/A;Romboutsia timonensis strain DR1 16S ribosomal RNA, partial sequence
ASV2540;NR_025392.1;100;428;428;100;0;791;"108980;981336";"N/A;N/A";N/A;Acinetobacter ursingii strain LUH3792 16S ribosomal RNA, partial sequence
ASV2655;NR_114326.1;100;402;402;100;0;743;1150298;N/A;N/A;Fusicatenibacter saccharivorans strain HT03-11 16S ribosomal RNA, partial sequence
ASV2662;NR_114006.1;100;422;422;100;0;780;326069;N/A;N/A;Christiangramia portivictoriae strain NBRC 101534 16S ribosomal RNA, partial sequence
ASV2662;NR_115317.1;100;422;422;100;0;780;409436;N/A;N/A;Christiangramia marina strain KMM 6048 16S ribosomal RNA, partial sequence
ASV2662;NR_043454.1;100;422;422;100;0;780;326069;N/A;N/A;Christiangramia portivictoriae strain UST040801-001 16S ribosomal RNA, partial sequence
ASV2669;NR_043331.1;100;407;407;100;0;752;320799;N/A;N/A;Gordonia soli strain CC-AB07 16S ribosomal RNA, partial sequence
ASV2812;NR_181818.1;100;402;402;100;0;743;2860336;N/A;N/A;Devosia salina strain SCS-3 16S ribosomal RNA, partial sequence
ASV2820;NR_157758.1;100;427;426;99;0;787;1348114;N/A;N/A;Pseudoalteromonas piratica strain OCN003 16S ribosomal RNA, partial sequence
ASV2820;NR_043172.1;100;427;426;99;0;787;298657;N/A;N/A;Pseudoalteromonas spongiae strain UST010723-006 16S ribosomal RNA, partial sequence
ASV2983;NR_113789.1;100;427;427;100;0;789;28169;N/A;N/A;Vibrio pelagius strain NBRC 15639 16S ribosomal RNA, partial sequence
ASV2983;NR_042043.1;100;427;427;100;0;789;28169;N/A;N/A;Vibrio pelagius